Workbook

Sheet Change List
B2: SL no | C2: Date | D2: Description | E2: Name
B3: 1 | C3: 14.11.2024 | D3: - Learning done with first chamber trial - Sin and Cos nominal value updated - T30 nominal value and formulas updated | E3: Renuka Prasanna
B4: 2 | C4: 19.11.2024 | D4: Updated Sine, Cos, Temp Inv, T30 and proximity limits for all the modes | E4: Renuka Prasanna
B5: 3 | C5: 25.11.2024 | D5: Updating Mean values after learning for Hight Temperature Test | E5: Abhay Kumar

Sheet FE_FF_Frame_Limit_V4
A1: ID | B1: SIGNAL_NAME | C1: COMPARISON_TYPE | D1: ERROR_MESSSAGE | E1: SEVERITY | F1: COMPARISON_ENABLE | G1: MODE1_NOMINAL | H1: MODE1_MIN | I1: MODE1_MAX | J1: MODE2_NOMINAL | K1: MODE2_MIN | L1: MODE2_MAX | M1: MODE3_NOMINAL | N1: MODE3_MIN | O1: MODE3_MAX | P1: MODE4_NOMINAL | Q1: MODE4_MIN | R1: MODE4_MAX | S1: MODE5_NOMINAL | T1: MODE5_MIN | U1: MODE5_MAX | V1: MODE6_NOMINAL | W1: MODE6_MIN | X1: MODE6_MAX | Y1: MODE7_NOMINAL | Z1: MODE7_MIN | AA1: MODE7_MAX | AB1: MODE8_NOMINAL | AC1: MODE8_MIN | AD1: MODE8_MAX | AE1: MODE9_NOMINAL | AF1: MODE9_MIN | AG1: MODE9_MAX | AH1: MODE10_NOMINAL | AI1: MODE10_MIN | AJ1: MODE10_MAX | AK1: MODE11_NOMINAL | AL1: MODE11_MIN | AM1: MODE11_MAX | AN1: MODE12_NOMINAL | AO1: MODE12_MIN | AP1: MODE12_MAX | AQ1: MODE13_NOMINAL | AR1: MODE13_MIN | AS1: MODE13_MAX | AT1: MODE14_NOMINAL | AU1: MODE14_MIN | AV1: MODE14_MAX | AW1: MODE15_NOMINAL | AX1: MODE15_MIN | AY1: MODE15_MAX | AZ1: MODE16_NOMINAL | BA1: MODE16_MIN | BB1: MODE16_MAX | BC1: MODE17_NOMINAL | BD1: MODE17_MIN | BE1: MODE17_MAX
A2: 1 | B2: COM_STATUS | C2: EQ | F2: 1 | G2: 160 | J2: 160 | M2: 160 | P2: 160 | S2: 160 | V2: 160 | Y2: 160 | AB2: 160 | AE2: 160 | AH2: 160 | AK2: 160
A3: 2 | B3: CYT2B9_STATUS | C3: EQ | F3: 1 | G3: 160 | J3: 160 | M3: 160 | P3: 160 | S3: 160 | V3: 160 | Y3: 160 | AB3: 160 | AE3: 160 | AH3: 160 | AK3: 160
A4: 3 | B4: RST_CNT_UNKNOWN | C4: EQ | F4: 1 | G4: 0 | J4: 0 | M4: 0 | P4: 0 | S4: 0 | V4: 0 | Y4: 0 | AB4: 0 | AE4: 0 | AH4: 0 | AK4: 0
A5: 4 | B5: RST_CNT_PORST | C5: EQ | F5: 1 | G5: 0 | J5: 0 | M5: 0 | P5: 0 | S5: 0 | V5: 0 | Y5: 0 | AB5: 0 | AE5: 0 | AH5: 0 | AK5: 0
A6: 5 | B6: RST_CNT_VDDRST | C6: EQ | F6: 1 | G6: 0 | J6: 0 | M6: 0 | P6: 0 | S6: 0 | V6: 0 | Y6: 0 | AB6: 0 | AE6: 0 | AH6: 0 | AK6: 0
A7: 6 | B7: RST_CNT_ExT_RST | C7: EQ | F7: 1 | G7: 0 | J7: 0 | M7: 0 | P7: 0 | S7: 0 | V7: 0 | Y7: 0 | AB7: 0 | AE7: 0 | AH7: 0 | AK7: 0
A8: 7 | B8: RST_CNT_WDRST | C8: EQ | F8: 1 | G8: 0 | J8: 0 | M8: 0 | P8: 0 | S8: 0 | V8: 0 | Y8: 0 | AB8: 0 | AE8: 0 | AH8: 0 | AK8: 0
A9: 8 | B9: RST_CNT_SWRST | C9: EQ | F9: 1 | G9: 0 | J9: 0 | M9: 0 | P9: 0 | S9: 0 | V9: 0 | Y9: 0 | AB9: 0 | AE9: 0 | AH9: 0 | AK9: 0
A10: 9 | B10: ERROR_CAUSE | C10: EQ | F10: 1 | G10: 0 | J10: 0 | M10: 0 | P10: 0 | S10: 0 | V10: 0 | Y10: 0 | AB10: 0 | AE10: 0 | AH10: 0 | AK10: 0
A11: 10 | B11: RST_ADDRESS | C11: EQ | F11: 1 | G11: 0 | J11: 0 | M11: 0 | P11: 0 | S11: 0 | V11: 0 | Y11: 0 | AB11: 0 | AE11: 0 | AH11: 0 | AK11: 0
A12: 11 | B12: RST_CNT_FAULTRST | C12: EQ | F12: 1 | G12: 0 | J12: 0 | M12: 0 | P12: 0 | S12: 0 | V12: 0 | Y12: 0 | AB12: 0 | AE12: 0 | AH12: 0 | AK12: 0
A13: 12 | B13: RST_CNT_CSVRST | C13: EQ | F13: 1 | G13: 0 | J13: 0 | M13: 0 | P13: 0 | S13: 0 | V13: 0 | Y13: 0 | AB13: 0 | AE13: 0 | AH13: 0 | AK13: 0
A14: 13 | B14: AN_STATUS | C14: EQ | F14: 1 | G14: 160 | J14: 160 | M14: 160 | P14: 160 | S14: 160 | V14: 160 | Y14: 160 | AB14: 160 | AE14: 160 | AH14: 160 | AK14: 160
A15: 14 | B15: Min_SIN/HALL0_A | C15: GELE | F15: 1 | G15: 2.5 | H15: =($G$15*5/Misc!$L$12)-0.1 -> 2.4 | I15: =($G$15*5/Misc!$L$12)+0.1 -> 2.6 | J15: 2.5 | K15: =($J$15*5/Misc!$L$13)-0.1 -> 2.4 | L15: =($J$15*5/Misc!$L$13)+0.1 -> 2.6 | M15: 2.5 | N15: =($M$15*5/Misc!$L$14)-0.1 -> 2.4 | O15: =($M$15*5/Misc!$L$14)+0.1 -> 2.6 | P15: 2.5 | Q15: =($P$15*5/Misc!$L$15)-0.1 -> 2.4 | R15: =($S$15*5/Misc!$L$15)+0.1 -> 2.6 | S15: 2.5 | T15: =($S$15*5/Misc!$L$16)-0.1 -> 2.4 | U15: =($S$15*5/Misc!$L$16)+0.1 -> 2.6 | V15: 2.5 | W15: =($V$15*5/Misc!$L$17)-0.1 -> 2.4 | X15: =($V$15*5/Misc!$L$17)+0.1 -> 2.6 | Y15: 2.5 | Z15: =($Y$15*5/Misc!$L$18)-0.1 -> 2.4 | AA15: =($Y$15*5/Misc!$L$18)+0.1 -> 2.6 | AB15: 2.48 | AC15: =($AB$15*5/Misc!$L$19)-0.1 -> 2.38 | AD15: =($AB$15*5/Misc!$L$19)+0.1 -> 2.58 | AE15: 2.5 | AF15: =($AE$15*5/Misc!$L$20)-0.1 -> 2.4 | AG15: =($AE$15*5/Misc!$L$20)+0.1 -> 2.6 | AH15: 2.5 | AI15: =($AH$15*5/Misc!$L$21)-0.1 -> 2.4 | AJ15: =($AH$15*5/Misc!$L$21)+0.1 -> 2.6 | AK15: 2.5 | AL15: =($AK$15*5/Misc!$L$22)-0.1 -> 2.4 | AM15: =($AK$15*5/Misc!$L$22)+0.1 -> 2.6
A16: 15 | B16: Max_SIN/HALL0_A | C16: GELE | F16: 1 | G16: 2.5 | H16: =($G$16*5/Misc!$L$12)-0.1 -> 2.4 | I16: =($G$16*5/Misc!$L$12)+0.1 -> 2.6 | J16: 2.5 | K16: =($J$16*5/Misc!$L$13)-0.1 -> 2.4 | L16: =($J$16*5/Misc!$L$13)+0.1 -> 2.6 | M16: 2.5 | N16: =($M$16*5/Misc!$L$14)-0.1 -> 2.4 | O16: =($M$16*5/Misc!$L$14)+0.1 -> 2.6 | P16: 2.5 | Q16: =($P$16*5/Misc!$L$15)-0.1 -> 2.4 | R16: =($S$16*5/Misc!$L$15)+0.1 -> 2.6 | S16: 2.5 | T16: =($S$16*5/Misc!$L$16)-0.1 -> 2.4 | U16: =($S$16*5/Misc!$L$16)+0.1 -> 2.6 | V16: 2.5 | W16: =($V$16*5/Misc!$L$17)-0.1 -> 2.4 | X16: =($V$16*5/Misc!$L$17)+0.1 -> 2.6 | Y16: 2.5 | Z16: =($Y$16*5/Misc!$L$18)-0.1 -> 2.4 | AA16: =($Y$16*5/Misc!$L$18)+0.1 -> 2.6 | AB16: 2.65 | AC16: =($AB$16*5/Misc!$L$19)-0.1 -> 2.55 | AD16: =($AB$16*5/Misc!$L$19)+0.1 -> 2.75 | AE16: 2.67 | AF16: =($AE$16*5/Misc!$L$20)-0.1 -> 2.57 | AG16: =($AE$16*5/Misc!$L$20)+0.1 -> 2.77 | AH16: 2.5 | AI16: =($AH$16*5/Misc!$L$21)-0.1 -> 2.4 | AJ16: =($AH$16*5/Misc!$L$21)+0.1 -> 2.6 | AK16: 2.5 | AL16: =($AK$16*5/Misc!$L$22)-0.1 -> 2.4 | AM16: =($AK$16*5/Misc!$L$22)+0.1 -> 2.6
A17: 16 | B17: TIMESTAMP_SIN/HALL0_A | F17: 0
A18: 17 | B18: Min_COSNEG/BRAKE_SW2_A | C18: GELE | F18: 1 | G18: 2.5 | H18: =($G$18*5*0.93058/Misc!$L$12)-0.015*3.4 -> 2.27545 | I18: =($G$18*5*1.072/Misc!$L$12)+0.015*3.4 -> 2.731 | J18: 2.5 | K18: =($J$18*5*0.93058/Misc!$L$13)-0.015*3.4 -> 2.27545 | L18: =($J$18*5*1.072/Misc!$L$13)+0.015*3.4 -> 2.731 | M18: 2.5 | N18: =($M$18*5*0.93058/Misc!$L$14)-0.015*3.4 -> 2.27545 | O18: =($M$18*5*1.072/Misc!$L$14)+0.015*3.4 -> 2.731 | P18: 2.5 | Q18: =($S$18*5*0.93058/Misc!$L$15)-0.015*3.4 -> 2.27545 | R18: =($S$18*5*1.072/Misc!$L$15)+0.015*3.4 -> 2.731 | S18: 2.5 | T18: =($S$18*5*0.93058/Misc!$L$16)-0.015*3.4 -> 2.27545 | U18: =($S$18*5*1.072/Misc!$L$16)+0.015*3.4 -> 2.731 | V18: 2.5 | W18: =($V$18*5*0.93058/Misc!$L$17)-0.015*3.4 -> 2.27545 | X18: =($V$18*5*1.072/Misc!$L$17)+0.015*3.4 -> 2.731 | Y18: 2.5 | Z18: =($Y$18*5*0.93058/Misc!$L$18)-0.015*3.4 -> 2.27545 | AA18: =($Y$18*5*1.072/Misc!$L$18)+0.015*3.4 -> 2.731 | AB18: 2.5 | AC18: =($AB$18*5*0.93058/Misc!$L$19)-0.015*3.4 -> 2.27545 | AD18: =($AB$18*5*1.072/Misc!$L$19)+0.015*3.4 -> 2.731 | AE18: 2.5 | AF18: =($AE$18*5*0.93058/Misc!$L$20)-0.015*3.4 -> 2.27545 | AG18: =($AE$18*5*1.072/Misc!$L$20)+0.015*3.4 -> 2.731 | AH18: 2.5 | AI18: =($AH$18*5*0.93058/Misc!$L$21)-0.015*3.4 -> 2.27545 | AJ18: =($AH$18*5*1.072/Misc!$L$21)+0.015*3.4 -> 2.731 | AK18: 2.5 | AL18: =($AK$18*5*0.93058/Misc!$L$22)-0.015*3.4 -> 2.27545 | AM18: =($AK$18*5*1.072/Misc!$L$22)+0.015*3.4 -> 2.731
A19: 18 | B19: Max_COSNEG/BRAKE_SW2_A | C19: GELE | F19: 1 | G19: 2.5 | H19: =($G$19*5*0.93058/Misc!$L$12)-0.015*3.4 -> 2.27545 | I19: =($G$19*5*1.072/Misc!$L$12)+0.015*3.4 -> 2.731 | J19: 2.5 | K19: =($J$19*5*0.93058/Misc!$L$13)-0.015*3.4 -> 2.27545 | L19: =($J$19*5*1.072/Misc!$L$13)+0.015*3.4 -> 2.731 | M19: 2.5 | N19: =($M$19*5*0.93058/Misc!$L$14)-0.015*3.4 -> 2.27545 | O19: =($M$19*5*1.072/Misc!$L$14)+0.015*3.4 -> 2.731 | P19: 2.5 | Q19: =($S$19*5*0.93058/Misc!$L$15)-0.015*3.4 -> 2.27545 | R19: =($S$19*5*1.072/Misc!$L$15)+0.015*3.4 -> 2.731 | S19: 2.5 | T19: =($S$19*5*0.93058/Misc!$L$16)-0.015*3.4 -> 2.27545 | U19: =($S$19*5*1.072/Misc!$L$16)+0.015*3.4 -> 2.731 | V19: 2.5 | W19: =($V$19*5*0.93058/Misc!$L$17)-0.015*3.4 -> 2.27545 | X19: =($V$19*5*1.072/Misc!$L$17)+0.015*3.4 -> 2.731 | Y19: 2.5 | Z19: =($Y$19*5*0.93058/Misc!$L$18)-0.015*3.4 -> 2.27545 | AA19: =($Y$19*5*1.072/Misc!$L$18)+0.015*3.4 -> 2.731 | AB19: 2.5 | AC19: =($AB$19*5*0.93058/Misc!$L$19)-0.015*3.4 -> 2.27545 | AD19: =($AB$19*5*1.072/Misc!$L$19)+0.015*3.4 -> 2.731 | AE19: 2.5 | AF19: =($AE$19*5*0.93058/Misc!$L$20)-0.015*3.4 -> 2.27545 | AG19: =($AE$19*5*1.072/Misc!$L$20)+0.015*3.4 -> 2.731 | AH19: 2.5 | AI19: =($AH$19*5*0.93058/Misc!$L$21)-0.015*3.4 -> 2.27545 | AJ19: =($AH$19*5*1.072/Misc!$L$21)+0.015*3.4 -> 2.731 | AK19: 2.5 | AL19: =($AK$19*5*0.93058/Misc!$L$22)-0.015*3.4 -> 2.27545 | AM19: =($AK$19*5*1.072/Misc!$L$22)+0.015*3.4 -> 2.731
A20: 19 | B20: TIMESTAMP_COSNEG/BRAKE_SW2_A | F20: 0
A21: 20 | B21: Min_TEMP_MOTOR_N_A | C21: GELE | F21: 1 | G21: 0.72 | H21: =(Misc!$J$28*14250/(14250+20140+(Misc!$J$6*222547/(Misc!$J$6+222547))))*(5/Misc!$L$12)-0.02 -> 0.6357386 | I21: =(Misc!$J$28*15750/(15750+19860+(Misc!$I$6*219453/(Misc!$I$6+219453))))*(5/Misc!$L$12)+0.02 -> 0.80722454 | J21: 0.72 | K21: =(Misc!$J$28*14250/(14250+20140+(Misc!$J$6*222547/(Misc!$J$6+222547))))*(5/Misc!$L$13)-0.02 -> 0.6357386 | L21: =(Misc!$J$28*15750/(15750+19860+(Misc!$I$6*219453/(Misc!$I$6+219453))))*(5/Misc!$L$13)+0.02 -> 0.80722454 | M21: 0.72 | N21: =(Misc!$J$28*14250/(14250+20140+(Misc!$J$6*222547/(Misc!$J$6+222547))))*(5/Misc!$L$14)-0.02 -> 0.6357386 | O21: =(Misc!$J$28*15750/(15750+19860+(Misc!$I$6*219453/(Misc!$I$6+219453))))*(5/Misc!$L$14)+0.02 -> 0.80722454 | P21: 0.72 | Q21: =(Misc!$J$28*14250/(14250+20140+(Misc!$J$6*222547/(Misc!$J$6+222547))))*(5/Misc!$L$15)-0.02 -> 0.6357386 | R21: =(Misc!$J$28*15750/(15750+19860+(Misc!$I$6*219453/(Misc!$I$6+219453))))*(5/Misc!$L$15)+0.02 -> 0.80722454 | S21: 0.72 | T21: =(Misc!$J$28*14250/(14250+20140+(Misc!$J$6*222547/(Misc!$J$6+222547))))*(5/Misc!$L$16)-0.02 -> 0.6357386 | U21: =(Misc!$J$28*15750/(15750+19860+(Misc!$I$6*219453/(Misc!$I$6+219453))))*(5/Misc!$L$16)+0.02 -> 0.80722454 | V21: 0.72 | W21: =(Misc!$J$28*14250/(14250+20140+(Misc!$J$6*222547/(Misc!$J$6+222547))))*(5/Misc!$L$17)-0.02 -> 0.6357386 | X21: =(Misc!$J$28*15750/(15750+19860+(Misc!$I$6*219453/(Misc!$I$6+219453))))*(5/Misc!$L$17)+0.02 -> 0.80722454 | Y21: 0.72 | Z21: =(Misc!$J$28*14250/(14250+20140+(Misc!$J$6*222547/(Misc!$J$6+222547))))*(5/Misc!$L$18)-0.02 -> 0.6357386 | AA21: =(Misc!$J$28*15750/(15750+19860+(Misc!$I$6*219453/(Misc!$I$6+219453))))*(5/Misc!$L$18)+0.02 -> 0.80722454 | AB21: 0.72 | AC21: =(Misc!$J$28*14250/(14250+20140+(Misc!$J$6*222547/(Misc!$J$6+222547))))*(5/Misc!$L$19)-0.02 -> 0.6357386 | AD21: =(Misc!$J$28*15750/(15750+19860+(Misc!$I$6*219453/(Misc!$I$6+219453))))*(5/Misc!$L$19)+0.02 -> 0.80722454 | AE21: 0.72 | AF21: =(Misc!$J$28*14250/(14250+20140+(Misc!$J$6*222547/(Misc!$J$6+222547))))*(5/Misc!$L$20)-0.02 -> 0.6357386 | AG21: =(Misc!$J$28*15750/(15750+19860+(Misc!$I$6*219453/(Misc!$I$6+219453))))*(5/Misc!$L$20)+0.02 -> 0.80722454 | AH21: 0.72 | AI21: =(Misc!$J$28*14250/(14250+20140+(Misc!$J$6*222547/(Misc!$J$6+222547))))*(5/Misc!$L$21)-0.02 -> 0.6357386 | AJ21: =(Misc!$J$28*15750/(15750+19860+(Misc!$I$6*219453/(Misc!$I$6+219453))))*(5/Misc!$L$21)+0.02 -> 0.80722454 | AK21: 1.6802333 | AL21: =(Misc!$J$28*14250/(14250+20140+(Misc!$J$6*222547/(Misc!$J$6+222547))))*(5/Misc!$L$22)-0.02 -> 0.6357386 | AM21: =(Misc!$J$28*15750/(15750+19860+(Misc!$I$6*219453/(Misc!$I$6+219453))))*(5/Misc!$L$22)+0.02 -> 0.80722454
A22: 21 | B22: Max_TEMP_MOTOR_N_A | C22: GELE | F22: 1 | G22: 0.72 | H22: =(Misc!$K$28*14250/(14250+20140+(Misc!$J$6*222547/(Misc!$J$6+222547))))*(5/Misc!$L$12)-0.02 -> 0.64233556 | I22: =(Misc!$K$28*15750/(15750+19860+(Misc!$I$6*219453/(Misc!$I$6+219453))))*(5/Misc!$L$12)+0.02 -> 0.81514431 | J22: 0.72 | K22: =(Misc!$K$28*14250/(14250+20140+(Misc!$J$6*222547/(Misc!$J$6+222547))))*(5/Misc!$L$13)-0.02 -> 0.64233556 | L22: =(Misc!$K$28*15750/(15750+19860+(Misc!$I$6*219453/(Misc!$I$6+219453))))*(5/Misc!$L$13)+0.02 -> 0.81514431 | M22: 0.72 | N22: =(Misc!$K$28*14250/(14250+20140+(Misc!$J$6*222547/(Misc!$J$6+222547))))*(5/Misc!$L$14)-0.02 -> 0.64233556 | O22: =(Misc!$K$28*15750/(15750+19860+(Misc!$I$6*219453/(Misc!$I$6+219453))))*(5/Misc!$L$14)+0.02 -> 0.81514431 | P22: 0.72 | Q22: =(Misc!$K$28*14250/(14250+20140+(Misc!$J$6*222547/(Misc!$J$6+222547))))*(5/Misc!$L$15)-0.02 -> 0.64233556 | R22: =(Misc!$K$28*15750/(15750+19860+(Misc!$I$6*219453/(Misc!$I$6+219453))))*(5/Misc!$L$15)+0.02 -> 0.81514431 | S22: 0.72 | T22: =(Misc!$K$28*14250/(14250+20140+(Misc!$J$6*222547/(Misc!$J$6+222547))))*(5/Misc!$L$16)-0.02 -> 0.64233556 | U22: =(Misc!$K$28*15750/(15750+19860+(Misc!$I$6*219453/(Misc!$I$6+219453))))*(5/Misc!$L$16)+0.02 -> 0.81514431 | V22: 0.72 | W22: =(Misc!$K$28*14250/(14250+20140+(Misc!$J$6*222547/(Misc!$J$6+222547))))*(5/Misc!$L$17)-0.02 -> 0.64233556 | X22: =(Misc!$K$28*15750/(15750+19860+(Misc!$I$6*219453/(Misc!$I$6+219453))))*(5/Misc!$L$17)+0.02 -> 0.81514431 | Y22: 0.72 | Z22: =(Misc!$K$28*14250/(14250+20140+(Misc!$J$6*222547/(Misc!$J$6+222547))))*(5/Misc!$L$18)-0.02 -> 0.64233556 | AA22: =(Misc!$K$28*15750/(15750+19860+(Misc!$I$6*219453/(Misc!$I$6+219453))))*(5/Misc!$L$18)+0.02 -> 0.81514431 | AB22: 0.72 | AC22: =(Misc!$K$28*14250/(14250+20140+(Misc!$J$6*222547/(Misc!$J$6+222547))))*(5/Misc!$L$19)-0.02 -> 0.64233556 | AD22: =(Misc!$K$28*15750/(15750+19860+(Misc!$I$6*219453/(Misc!$I$6+219453))))*(5/Misc!$L$19)+0.02 -> 0.81514431 | AE22: 0.72 | AF22: =(Misc!$K$28*14250/(14250+20140+(Misc!$J$6*222547/(Misc!$J$6+222547))))*(5/Misc!$L$20)-0.02 -> 0.64233556 | AG22: =(Misc!$K$28*15750/(15750+19860+(Misc!$I$6*219453/(Misc!$I$6+219453))))*(5/Misc!$L$20)+0.02 -> 0.81514431 | AH22: 0.72 | AI22: =(Misc!$K$28*14250/(14250+20140+(Misc!$J$6*222547/(Misc!$J$6+222547))))*(5/Misc!$L$21)-0.02 -> 0.64233556 | AJ22: =(Misc!$K$28*15750/(15750+19860+(Misc!$I$6*219453/(Misc!$I$6+219453))))*(5/Misc!$L$21)+0.02 -> 0.81514431 | AK22: 1.6825667 | AL22: =(Misc!$K$28*14250/(14250+20140+(Misc!$J$6*222547/(Misc!$J$6+222547))))*(5/Misc!$L$22)-0.02 -> 0.64233556 | AM22: =(Misc!$K$28*15750/(15750+19860+(Misc!$I$6*219453/(Misc!$I$6+219453))))*(5/Misc!$L$22)+0.02 -> 0.81514431
A23: 22 | B23: TIMESTAMP_TEMP_MOTOR_N_A | F23: 0
A24: 23 | B24: Min_TGS1_A | C24: GELE | F24: 1 | G24: 2.49 | H24: =($G$24*5/Misc!$L$12)-0.015 -> 2.475 | I24: =($G$24*5/Misc!$L$12)+0.015 -> 2.505 | J24: 2.49 | K24: =($J$24*5/Misc!$L$13)-0.015 -> 2.475 | L24: =($J$24*5/Misc!$L$13)+0.015 -> 2.505 | M24: 2.49 | N24: =($M$24*5/Misc!$L$14)-0.015 -> 2.475 | O24: =($M$24*5/Misc!$L$14)+0.015 -> 2.505 | P24: 2.49 | Q24: =($P$24*5/Misc!$L$15)-0.015 -> 2.475 | R24: =($P$24*5/Misc!$L$15)+0.015 -> 2.505 | S24: 2.49 | T24: =($S$24*5/Misc!$L$16)-0.015 -> 2.475 | U24: =($S$24*5/Misc!$L$16)+0.015 -> 2.505 | V24: 2.49 | W24: =($V$24*5/Misc!$L$17)-0.015 -> 2.475 | X24: =($V$24*5/Misc!$L$17)+0.015 -> 2.505 | Y24: 2.49 | Z24: =($Y$24*5/Misc!$L$18)-0.015 -> 2.475 | AA24: =($Y$24*5/Misc!$L$18)+0.015 -> 2.505 | AB24: 2.49 | AC24: =($AB$24*5/Misc!$L$19)-0.015 -> 2.475 | AD24: =($AB$24*5/Misc!$L$19)+0.015 -> 2.505 | AE24: 2.487 | AF24: =($AE$24*5/Misc!$L$20)-0.015 -> 2.472 | AG24: =($AE$24*5/Misc!$L$20)+0.015 -> 2.502 | AH24: 2.487 | AI24: =($AH$24*5/Misc!$L$21)-0.015 -> 2.472 | AJ24: =($AH$24*5/Misc!$L$21)+0.015 -> 2.502 | AK24: 2.487 | AL24: =($AK$24*5/Misc!$L$22)-0.015 -> 2.472 | AM24: =($AK$24*5/Misc!$L$22)+0.015 -> 2.502
A25: 24 | B25: Max_TGS1_A | C25: GELE | F25: 1 | G25: 2.495 | H25: =($G$25*5/Misc!$L$12)-0.015 -> 2.48 | I25: =($G$25*5/Misc!$L$12)+0.015 -> 2.51 | J25: 2.495 | K25: =($J$25*5/Misc!$L$13)-0.015 -> 2.48 | L25: =($J$25*5/Misc!$L$13)+0.015 -> 2.51 | M25: 2.495 | N25: =($M$25*5/Misc!$L$14)-0.015 -> 2.48 | O25: =($M$25*5/Misc!$L$14)+0.015 -> 2.51 | P25: 2.495 | Q25: =($P$25*5/Misc!$L$15)-0.015 -> 2.48 | R25: =($P$25*5/Misc!$L$15)+0.015 -> 2.51 | S25: 2.495 | T25: =($S$25*5/Misc!$L$16)-0.015 -> 2.48 | U25: =($S$25*5/Misc!$L$16)+0.015 -> 2.51 | V25: 2.495 | W25: =($V$25*5/Misc!$L$17)-0.015 -> 2.48 | X25: =($V$25*5/Misc!$L$17)+0.015 -> 2.51 | Y25: 2.495 | Z25: =($Y$25*5/Misc!$L$18)-0.015 -> 2.48 | AA25: =($Y$25*5/Misc!$L$18)+0.015 -> 2.51 | AB25: 2.495 | AC25: =($AB$25*5/Misc!$L$19)-0.015 -> 2.48 | AD25: =($AB$25*5/Misc!$L$19)+0.015 -> 2.51 | AE25: 2.49 | AF25: =($AE$25*5/Misc!$L$20)-0.015 -> 2.475 | AG25: =($AE$25*5/Misc!$L$20)+0.015 -> 2.505 | AH25: 2.49 | AI25: =($AH$25*5/Misc!$L$21)-0.015 -> 2.475 | AJ25: =($AH$25*5/Misc!$L$21)+0.015 -> 2.505 | AK25: 2.49 | AL25: =($AK$25*5/Misc!$L$22)-0.015 -> 2.475 | AM25: =($AK$25*5/Misc!$L$22)+0.015 -> 2.505
A26: 25 | B26: TIMESTAMP_TGS1_A | F26: 0
A27: 26 | B27: Min_V_5V_SENSOR1_A | C27: GELE | F27: 1 | G27: 4.995 | H27: =(Misc!$H$28)*(5*0.99/Misc!$L$12)-0.02*1.1 -> 4.8983 | I27: =(Misc!$H$28)*(5*1.008/Misc!$L$12)+0.02*1.1 -> 5.03176 | J27: 4.995 | K27: =(Misc!$H$28)*(5*0.99/Misc!$L$13)-0.02*1.1 -> 4.8983 | L27: =(Misc!$H$28)*(5*1.008/Misc!$L$13)+0.02*1.1 -> 5.03176 | M27: 4.995 | N27: =(Misc!$H$28)*(5*0.99/Misc!$L$14)-0.02*1.1 -> 4.8983 | O27: =(Misc!$H$28)*(5*1.008/Misc!$L$14)+0.02*1.1 -> 5.03176 | P27: 4.995 | Q27: =(Misc!$H$28)*(5*0.99/Misc!$L$15)-0.02*1.1 -> 4.8983 | R27: =(Misc!$H$28)*(5*1.008/Misc!$L$15)+0.02*1.1 -> 5.03176 | S27: 4.995 | T27: =(Misc!$H$28)*(5*0.99/Misc!$L$16)-0.02*1.1 -> 4.8983 | U27: =(Misc!$H$28)*(5*1.008/Misc!$L$16)+0.02*1.1 -> 5.03176 | V27: 4.995 | W27: =(Misc!$H$28)*(5*0.99/Misc!$L$17)-0.02*1.1 -> 4.8983 | X27: =(Misc!$H$28)*(5*1.008/Misc!$L$17)+0.02*1.1 -> 5.03176 | Y27: 4.995 | Z27: =(Misc!$H$28)*(5*0.99/Misc!$L$18)-0.02*1.1 -> 4.8983 | AA27: =(Misc!$H$28)*(5*1.008/Misc!$L$18)+0.02*1.1 -> 5.03176 | AB27: 5 | AC27: =(Misc!$H$28)*(5*0.99/Misc!$L$19)-0.02*1.1 -> 4.8983 | AD27: =(Misc!$H$28)*(5*1.008/Misc!$L$19)+0.02*1.1 -> 5.03176 | AE27: 4.995 | AF27: =(Misc!$H$28)*(5*0.99/Misc!$L$20)-0.02*1.1 -> 4.8983 | AG27: =(Misc!$H$28)*(5*1.008/Misc!$L$20)+0.02*1.1 -> 5.03176 | AH27: 4.995 | AI27: =(Misc!$H$28)*(5*0.99/Misc!$L$21)-0.02*1.1 -> 4.8983 | AJ27: =(Misc!$H$28)*(5*1.008/Misc!$L$21)+0.02*1.1 -> 5.03176 | AK27: 4.995 | AL27: =(Misc!$H$28)*(5*0.99/Misc!$L$22)-0.02*1.1 -> 4.8983 | AM27: =(Misc!$H$28)*(5*1.008/Misc!$L$22)+0.02*1.1 -> 5.03176
A28: 27 | B28: Max_V_5V_SENSOR1_A | C28: GELE | F28: 1 | G28: 5 | H28: =(Misc!$I$28)*(5*0.99/Misc!$L$12)-0.02*1.1 -> 4.9478 | I28: =(Misc!$I$28)*(5*1.008/Misc!$L$12)+0.02*1.1 -> 5.08216 | J28: 5 | K28: =(Misc!$I$28)*(5*0.99/Misc!$L$13)-0.02*1.1 -> 4.9478 | L28: =(Misc!$I$28)*(5*1.008/Misc!$L$13)+0.02*1.1 -> 5.08216 | M28: 5 | N28: =(Misc!$I$28)*(5*0.99/Misc!$L$14)-0.02*1.1 -> 4.9478 | O28: =(Misc!$I$28)*(5*1.008/Misc!$L$14)+0.02*1.1 -> 5.08216 | P28: 5 | Q28: =(Misc!$I$28)*(5*0.99/Misc!$L$15)-0.02*1.1 -> 4.9478 | R28: =(Misc!$I$28)*(5*1.008/Misc!$L$15)+0.02*1.1 -> 5.08216 | S28: 5 | T28: =(Misc!$I$28)*(5*0.99/Misc!$L$16)-0.02*1.1 -> 4.9478 | U28: =(Misc!$I$28)*(5*1.008/Misc!$L$16)+0.02*1.1 -> 5.08216 | V28: 5 | W28: =(Misc!$I$28)*(5*0.99/Misc!$L$17)-0.02*1.1 -> 4.9478 | X28: =(Misc!$I$28)*(5*1.008/Misc!$L$17)+0.02*1.1 -> 5.08216 | Y28: 5 | Z28: =(Misc!$I$28)*(5*0.99/Misc!$L$18)-0.02*1.1 -> 4.9478 | AA28: =(Misc!$I$28)*(5*1.008/Misc!$L$18)+0.02*1.1 -> 5.08216 | AB28: 5 | AC28: =(Misc!$I$28)*(5*0.99/Misc!$L$19)-0.02*1.1 -> 4.9478 | AD28: =(Misc!$I$28)*(5*1.008/Misc!$L$19)+0.02*1.1 -> 5.08216 | AE28: 5 | AF28: =(Misc!$I$28)*(5*0.99/Misc!$L$20)-0.02*1.1 -> 4.9478 | AG28: =(Misc!$I$28)*(5*1.008/Misc!$L$20)+0.02*1.1 -> 5.08216 | AH28: 5 | AI28: =(Misc!$I$28)*(5*0.99/Misc!$L$21)-0.02*1.1 -> 4.9478 | AJ28: =(Misc!$I$28)*(5*1.008/Misc!$L$21)+0.02*1.1 -> 5.08216 | AK28: 5 | AL28: =(Misc!$I$28)*(5*0.99/Misc!$L$22)-0.02*1.1 -> 4.9478 | AM28: =(Misc!$I$28)*(5*1.008/Misc!$L$22)+0.02*1.1 -> 5.08216
A29: 28 | B29: TIMESTAMP_V_5V_SENSOR1_A | F29: 0
A30: 29 | B30: Min_SIDESTAND_SW_A | C30: GELE | F30: 1 | G30: 2.5 | H30: =($G$30*5*0.93058/Misc!$L$12)-0.02*3.4 -> 2.25845 | I30: =($G$30*5*1.072/Misc!$L$12)+0.02*3.4 -> 2.748 | J30: 2.5 | K30: =($J$30*5*0.93058/Misc!$L$13)-0.02*3.4 -> 2.25845 | L30: =($J$30*5*1.072/Misc!$L$13)+0.02*3.4 -> 2.748 | M30: 2.5 | N30: =($M$30*5*0.93058/Misc!$L$14)-0.02*3.4 -> 2.25845 | O30: =($M$30*5*1.072/Misc!$L$14)+0.02*3.4 -> 2.748 | P30: 2.5 | Q30: =($P$30*5*0.93058/Misc!$L$15)-0.02*3.4 -> 2.25845 | R30: =($P$30*5*1.072/Misc!$L$15)+0.02*3.4 -> 2.748 | S30: 2.5 | T30: =($S$30*5*0.93058/Misc!$L$16)-0.02*3.4 -> 2.25845 | U30: =($S$30*5*1.072/Misc!$L$16)+0.02*3.4 -> 2.748 | V30: 2.5 | W30: =($V$30*5*0.93058/Misc!$L$17)-0.02*3.4 -> 2.25845 | X30: =($V$30*5*1.072/Misc!$L$17)+0.02*3.4 -> 2.748 | Y30: 2.5 | Z30: =($Y$30*5*0.93058/Misc!$L$18)-0.02*3.4 -> 2.25845 | AA30: =($Y$30*5*1.072/Misc!$L$18)+0.02*3.4 -> 2.748 | AB30: 2.5 | AC30: =($AB$30*5*0.93058/Misc!$L$19)-0.02*3.4 -> 2.25845 | AD30: =($AB$30*5*1.072/Misc!$L$19)+0.02*3.4 -> 2.748 | AE30: 2.5 | AF30: =($AE$30*5*0.93058/Misc!$L$20)-0.02*3.4 -> 2.25845 | AG30: =($AE$30*5*1.072/Misc!$L$20)+0.02*3.4 -> 2.748 | AH30: 2.5 | AI30: =($AH$30*5*0.93058/Misc!$L$21)-0.02*3.4 -> 2.25845 | AJ30: =($AH$30*5*1.072/Misc!$L$21)+0.02*3.4 -> 2.748 | AK30: 2.5 | AL30: =($AK$30*5*0.93058/Misc!$L$22)-0.02*3.4 -> 2.25845 | AM30: =($AK$30*5*1.072/Misc!$L$22)+0.02*3.4 -> 2.748
A31: 30 | B31: Max_SIDESTAND_SW_A | C31: GELE | F31: 1 | G31: 2.5 | H31: =($G$31*5*0.93058/Misc!$L$12)-0.02*3.4 -> 2.25845 | I31: =($G$31*5*1.072/Misc!$L$12)+0.02*3.4 -> 2.748 | J31: 2.5 | K31: =($J$31*5*0.93058/Misc!$L$13)-0.02*3.4 -> 2.25845 | L31: =($J$31*5*1.072/Misc!$L$13)+0.02*3.4 -> 2.748 | M31: 2.5 | N31: =($M$31*5*0.93058/Misc!$L$14)-0.02*3.4 -> 2.25845 | O31: =($M$31*5*1.072/Misc!$L$14)+0.02*3.4 -> 2.748 | P31: 2.5 | Q31: =($P$31*5*0.93058/Misc!$L$15)-0.02*3.4 -> 2.25845 | R31: =($P$31*5*1.072/Misc!$L$15)+0.02*3.4 -> 2.748 | S31: 2.5 | T31: =($S$31*5*0.93058/Misc!$L$16)-0.02*3.4 -> 2.25845 | U31: =($S$31*5*1.072/Misc!$L$16)+0.02*3.4 -> 2.748 | V31: 2.5 | W31: =($V$31*5*0.93058/Misc!$L$17)-0.02*3.4 -> 2.25845 | X31: =($V$31*5*1.072/Misc!$L$17)+0.02*3.4 -> 2.748 | Y31: 2.5 | Z31: =($Y$31*5*0.93058/Misc!$L$18)-0.02*3.4 -> 2.25845 | AA31: =($Y$31*5*1.072/Misc!$L$18)+0.02*3.4 -> 2.748 | AB31: 2.5 | AC31: =($AB$31*5*0.93058/Misc!$L$19)-0.02*3.4 -> 2.25845 | AD31: =($AB$31*5*1.072/Misc!$L$19)+0.02*3.4 -> 2.748 | AE31: 2.5 | AF31: =($AE$31*5*0.93058/Misc!$L$20)-0.02*3.4 -> 2.25845 | AG31: =($AE$31*5*1.072/Misc!$L$20)+0.02*3.4 -> 2.748 | AH31: 2.5 | AI31: =($AH$31*5*0.93058/Misc!$L$21)-0.02*3.4 -> 2.25845 | AJ31: =($AH$31*5*1.072/Misc!$L$21)+0.02*3.4 -> 2.748 | AK31: 2.5 | AL31: =($AK$31*5*0.93058/Misc!$L$22)-0.02*3.4 -> 2.25845 | AM31: =($AK$31*5*1.072/Misc!$L$22)+0.02*3.4 -> 2.748
A32: 31 | B32: TIMESTAMP_SIDESTAND_SW_A | F32: 0
A33: 32 | B33: Min_MODE+_A | C33: GELE | F33: 1 | G33: 2.5 | H33: =($G$33*5*0.93058/Misc!$L$12)-0.02*3.4 -> 2.25845 | I33: =($G$33*5*1.072/Misc!$L$12)+0.02*3.4 -> 2.748 | J33: 2.5 | K33: =($J$33*5*0.93058/Misc!$L$13)-0.02*3.4 -> 2.25845 | L33: =($J$33*5*1.072/Misc!$L$13)+0.02*3.4 -> 2.748 | M33: 2.5 | N33: =($M$33*5*0.93058/Misc!$L$14)-0.02*3.4 -> 2.25845 | O33: =($M$33*5*1.072/Misc!$L$14)+0.02*3.4 -> 2.748 | P33: 2.5 | Q33: =($P$33*5*0.93058/Misc!$L$15)-0.02*3.4 -> 2.25845 | R33: =($P$33*5*1.072/Misc!$L$15)+0.02*3.4 -> 2.748 | S33: 2.5 | T33: =($S$33*5*0.93058/Misc!$L$16)-0.02*3.4 -> 2.25845 | U33: =($S$33*5*1.072/Misc!$L$16)+0.02*3.4 -> 2.748 | V33: 2.5 | W33: =($V$33*5*0.93058/Misc!$L$17)-0.02*3.4 -> 2.25845 | X33: =($V$33*5*1.072/Misc!$L$17)+0.02*3.4 -> 2.748 | Y33: 2.5 | Z33: =($Y$33*5*0.93058/Misc!$L$18)-0.02*3.4 -> 2.25845 | AA33: =($Y$33*5*1.072/Misc!$L$18)+0.02*3.4 -> 2.748 | AB33: 2.5 | AC33: =($AB$33*5*0.93058/Misc!$L$19)-0.02*3.4 -> 2.25845 | AD33: =($AB$33*5*1.072/Misc!$L$19)+0.02*3.4 -> 2.748 | AE33: 2.5 | AF33: =($AE$33*5*0.93058/Misc!$L$20)-0.02*3.4 -> 2.25845 | AG33: =($AE$33*5*1.072/Misc!$L$20)+0.02*3.4 -> 2.748 | AH33: 2.5 | AI33: =($AH$33*5*0.93058/Misc!$L$21)-0.02*3.4 -> 2.25845 | AJ33: =($AH$33*5*1.072/Misc!$L$21)+0.02*3.4 -> 2.748 | AK33: 2.5 | AL33: =($AK$33*5*0.93058/Misc!$L$22)-0.02*3.4 -> 2.25845 | AM33: =($AK$33*5*1.072/Misc!$L$22)+0.02*3.4 -> 2.748
A34: 33 | B34: Max_MODE+_A | C34: GELE | F34: 1 | G34: 2.5 | H34: =($G$34*5*0.93058/Misc!$L$12)-0.02*3.4 -> 2.25845 | I34: =($G$34*5*1.072/Misc!$L$12)+0.02*3.4 -> 2.748 | J34: 2.5 | K34: =($J$34*5*0.93058/Misc!$L$13)-0.02*3.4 -> 2.25845 | L34: =($J$34*5*1.072/Misc!$L$13)+0.02*3.4 -> 2.748 | M34: 2.5 | N34: =($M$34*5*0.93058/Misc!$L$14)-0.02*3.4 -> 2.25845 | O34: =($M$34*5*1.072/Misc!$L$14)+0.02*3.4 -> 2.748 | P34: 2.5 | Q34: =($P$34*5*0.93058/Misc!$L$15)-0.02*3.4 -> 2.25845 | R34: =($P$34*5*1.072/Misc!$L$15)+0.02*3.4 -> 2.748 | S34: 2.5 | T34: =($S$34*5*0.93058/Misc!$L$16)-0.02*3.4 -> 2.25845 | U34: =($S$34*5*1.072/Misc!$L$16)+0.02*3.4 -> 2.748 | V34: 2.5 | W34: =($V$34*5*0.93058/Misc!$L$17)-0.02*3.4 -> 2.25845 | X34: =($V$34*5*1.072/Misc!$L$17)+0.02*3.4 -> 2.748 | Y34: 2.5 | Z34: =($Y$34*5*0.93058/Misc!$L$18)-0.02*3.4 -> 2.25845 | AA34: =($Y$34*5*1.072/Misc!$L$18)+0.02*3.4 -> 2.748 | AB34: 2.5 | AC34: =($AB$34*5*0.93058/Misc!$L$19)-0.02*3.4 -> 2.25845 | AD34: =($AB$34*5*1.072/Misc!$L$19)+0.02*3.4 -> 2.748 | AE34: 2.5 | AF34: =($AE$34*5*0.93058/Misc!$L$20)-0.02*3.4 -> 2.25845 | AG34: =($AE$34*5*1.072/Misc!$L$20)+0.02*3.4 -> 2.748 | AH34: 2.5 | AI34: =($AH$34*5*0.93058/Misc!$L$21)-0.02*3.4 -> 2.25845 | AJ34: =($AH$34*5*1.072/Misc!$L$21)+0.02*3.4 -> 2.748 | AK34: 2.5 | AL34: =($AK$34*5*0.93058/Misc!$L$22)-0.02*3.4 -> 2.25845 | AM34: =($AK$34*5*1.072/Misc!$L$22)+0.02*3.4 -> 2.748
A35: 34 | B35: TIMESTAMP_MODE+_A | F35: 0
A36: 35 | B36: Min_TEMP_INVERTER_A | C36: GELE | F36: 1 | H36: =Misc!$J$12*1.05 -> 0 | I36: =Misc!$K$12*1.05 -> 120.75 | K36: =Misc!$J$13*1.05 -> 0 | L36: =Misc!$K$13*1.05 -> 120.75 | N36: =Misc!$J$14*1.05 -> 0 | O36: =Misc!$K$14*1.05 -> 120.75 | Q36: =Misc!$J$15*1.05 -> 0 | R36: =Misc!$K$15*1.05 -> 120.75 | T36: =Misc!$J$16*1.05 -> 0 | U36: =Misc!$K$16*1.05 -> 120.75 | W36: =Misc!$J$17*1.05 -> 0 | X36: =Misc!$K$17*1.05 -> 120.75 | Z36: =Misc!$J$18*1.05 -> 0 | AA36: =Misc!$K$18*1.05 -> 120.75 | AC36: =Misc!$J$19*1.05 -> -21 | AD36: =Misc!$K$19*1.05 -> 120.75 | AF36: =Misc!$J$20*1.05 -> -21 | AG36: =Misc!$K$20*1.05 -> 120.75 | AI36: =Misc!$J$21*1.05 -> 0 | AJ36: =Misc!$K$21*1.05 -> 120.75 | AL36: =Misc!$J$22*1.05 -> 0 | AM36: =Misc!$K$22*1.05 -> 120.75
A37: 36 | B37: Max_TEMP_INVERTER_A | C37: GELE | F37: 1 | H37: =Misc!$J$12*1.05 -> 0 | I37: =Misc!$K$12*1.05 -> 120.75 | K37: =Misc!$J$13*1.05 -> 0 | L37: =Misc!$K$13*1.05 -> 120.75 | N37: =Misc!$J$14*1.05 -> 0 | O37: =Misc!$K$14*1.05 -> 120.75 | Q37: =Misc!$J$15*1.05 -> 0 | R37: =Misc!$K$15*1.05 -> 120.75 | T37: =Misc!$J$16*1.05 -> 0 | U37: =Misc!$K$16*1.05 -> 120.75 | W37: =Misc!$J$17*1.05 -> 0 | X37: =Misc!$K$17*1.05 -> 120.75 | Z37: =Misc!$J$18*1.05 -> 0 | AA37: =Misc!$K$18*1.05 -> 120.75 | AC37: =Misc!$J$19*1.05 -> -21 | AD37: =Misc!$K$19*1.05 -> 120.75 | AF37: =Misc!$J$20*1.05 -> -21 | AG37: =Misc!$K$20*1.05 -> 120.75 | AI37: =Misc!$J$21*1.05 -> 0 | AJ37: =Misc!$K$21*1.05 -> 120.75 | AL37: =Misc!$J$22*1.05 -> 0 | AM37: =Misc!$K$22*1.05 -> 120.75
A38: 37 | B38: TIMESTAMP_TEMP_INVERTER_A | F38: 0
A39: 38 | B39: Min_RUN_SW_A | C39: GELE | F39: 1 | G39: 2.5 | H39: =($G$39*5*0.93058/Misc!$L$12)-0.02*3.4 -> 2.25845 | I39: =($G$39*5*1.072/Misc!$L$12)+0.02*3.4 -> 2.748 | J39: 2.5 | K39: =($J$39*5*0.93058/Misc!$L$13)-0.02*3.4 -> 2.25845 | L39: =($J$39*5*1.072/Misc!$L$13)+0.02*3.4 -> 2.748 | M39: 2.5 | N39: =($M$39*5*0.93058/Misc!$L$14)-0.02*3.4 -> 2.25845 | O39: =($M$39*5*1.072/Misc!$L$14)+0.02*3.4 -> 2.748 | P39: 2.5 | Q39: =($P$39*5*0.93058/Misc!$L$15)-0.02*3.4 -> 2.25845 | R39: =($P$39*5*1.072/Misc!$L$15)+0.02*3.4 -> 2.748 | S39: 2.5 | T39: =($S$39*5*0.93058/Misc!$L$16)-0.02*3.4 -> 2.25845 | U39: =($S$39*5*1.072/Misc!$L$16)+0.02*3.4 -> 2.748 | V39: 2.5 | W39: =($V$39*5*0.93058/Misc!$L$17)-0.02*3.4 -> 2.25845 | X39: =($V$39*5*1.072/Misc!$L$17)+0.02*3.4 -> 2.748 | Y39: 2.5 | Z39: =($Y$39*5*0.93058/Misc!$L$18)-0.02*3.4 -> 2.25845 | AA39: =($Y$39*5*1.072/Misc!$L$18)+0.02*3.4 -> 2.748 | AB39: 2.5 | AC39: =($AB$39*5*0.93058/Misc!$L$19)-0.02*3.4 -> 2.25845 | AD39: =($AB$39*5*1.072/Misc!$L$19)+0.02*3.4 -> 2.748 | AE39: 2.5 | AF39: =($AE$39*5*0.93058/Misc!$L$20)-0.02*3.4 -> 2.25845 | AG39: =($AE$39*5*1.072/Misc!$L$20)+0.02*3.4 -> 2.748 | AH39: 2.5 | AI39: =($AH$39*5*0.93058/Misc!$L$21)-0.02*3.4 -> 2.25845 | AJ39: =($AH$39*5*1.072/Misc!$L$21)+0.02*3.4 -> 2.748 | AK39: 2.5 | AL39: =($AK$39*5*0.93058/Misc!$L$22)-0.02*3.4 -> 2.25845 | AM39: =($AK$39*5*1.072/Misc!$L$22)+0.02*3.4 -> 2.748
A40: 39 | B40: Max_RUN_SW_A | C40: GELE | F40: 1 | G40: 2.5 | H40: =($G$40*5*0.93058/Misc!$L$12)-0.02*3.4 -> 2.25845 | I40: =($G$40*5*1.072/Misc!$L$12)+0.02*3.4 -> 2.748 | J40: 2.5 | K40: =($J$40*5*0.93058/Misc!$L$13)-0.02*3.4 -> 2.25845 | L40: =($J$40*5*1.072/Misc!$L$13)+0.02*3.4 -> 2.748 | M40: 2.5 | N40: =($M$40*5*0.93058/Misc!$L$14)-0.02*3.4 -> 2.25845 | O40: =($M$40*5*1.072/Misc!$L$14)+0.02*3.4 -> 2.748 | P40: 2.5 | Q40: =($P$40*5*0.93058/Misc!$L$15)-0.02*3.4 -> 2.25845 | R40: =($P$40*5*1.072/Misc!$L$15)+0.02*3.4 -> 2.748 | S40: 2.5 | T40: =($S$40*5*0.93058/Misc!$L$16)-0.02*3.4 -> 2.25845 | U40: =($S$40*5*1.072/Misc!$L$16)+0.02*3.4 -> 2.748 | V40: 2.5 | W40: =($V$40*5*0.93058/Misc!$L$17)-0.02*3.4 -> 2.25845 | X40: =($V$40*5*1.072/Misc!$L$17)+0.02*3.4 -> 2.748 | Y40: 2.5 | Z40: =($Y$40*5*0.93058/Misc!$L$18)-0.02*3.4 -> 2.25845 | AA40: =($Y$40*5*1.072/Misc!$L$18)+0.02*3.4 -> 2.748 | AB40: 2.5 | AC40: =($AB$40*5*0.93058/Misc!$L$19)-0.02*3.4 -> 2.25845 | AD40: =($AB$40*5*1.072/Misc!$L$19)+0.02*3.4 -> 2.748 | AE40: 2.5 | AF40: =($AE$40*5*0.93058/Misc!$L$20)-0.02*3.4 -> 2.25845 | AG40: =($AE$40*5*1.072/Misc!$L$20)+0.02*3.4 -> 2.748 | AH40: 2.5 | AI40: =($AH$40*5*0.93058/Misc!$L$21)-0.02*3.4 -> 2.25845 | AJ40: =($AH$40*5*1.072/Misc!$L$21)+0.02*3.4 -> 2.748 | AK40: 2.5 | AL40: =($AK$40*5*0.93058/Misc!$L$22)-0.02*3.4 -> 2.25845 | AM40: =($AK$40*5*1.072/Misc!$L$22)+0.02*3.4 -> 2.748
A41: 40 | B41: TIMESTAMP_RUN_SW_A | F41: 0
A42: 41 | B42: Min_WAKE_RX_A | C42: GELE | F42: 1 | G42: 2.5 | H42: =($G$42*5*0.9352/Misc!$L$12)-0.02*2.8 -> 2.282 | I42: =($G$42*5*1.064/Misc!$L$12)+0.02*2.8 -> 2.716 | J42: 2.5 | K42: =($J$42*5*0.9352/Misc!$L$13)-0.02*2.8 -> 2.282 | L42: =($J$42*5*1.064/Misc!$L$13)+0.02*2.8 -> 2.716 | M42: 2.5 | N42: =($M$42*5*0.9352/Misc!$L$14)-0.02*2.8 -> 2.282 | O42: =($M$42*5*1.064/Misc!$L$14)+0.02*2.8 -> 2.716 | P42: 2.5 | Q42: =($P$42*5*0.9352/Misc!$L$15)-0.02*2.8 -> 2.282 | R42: =($P$42*5*1.064/Misc!$L$15)+0.02*2.8 -> 2.716 | S42: 2.5 | T42: =($S$42*5*0.9352/Misc!$L$16)-0.02*2.8 -> 2.282 | U42: =($S$42*5*1.064/Misc!$L$16)+0.02*2.8 -> 2.716 | V42: 2.5 | W42: =($V$42*5*0.9352/Misc!$L$17)-0.02*2.8 -> 2.282 | X42: =($V$42*5*1.064/Misc!$L$17)+0.02*2.8 -> 2.716 | Y42: 2.5 | Z42: =($Y$42*5*0.9352/Misc!$L$18)-0.02*2.8 -> 2.282 | AA42: =($Y$42*5*1.064/Misc!$L$18)+0.02*2.8 -> 2.716 | AB42: 2.5 | AC42: =($AB$42*5*0.9352/Misc!$L$19)-0.02*2.8 -> 2.282 | AD42: =($AB$42*5*1.064/Misc!$L$19)+0.02*2.8 -> 2.716 | AE42: 2.5 | AF42: =($AE$42*5*0.9352/Misc!$L$20)-0.02*2.8 -> 2.282 | AG42: =($AE$42*5*1.064/Misc!$L$20)+0.02*2.8 -> 2.716 | AH42: 2.5 | AI42: =($AH$42*5*0.9352/Misc!$L$21)-0.02*2.8 -> 2.282 | AJ42: =($AH$42*5*1.064/Misc!$L$21)+0.02*2.8 -> 2.716 | AK42: 2.5 | AL42: =($AK$42*5*0.9352/Misc!$L$22)-0.02*2.8 -> 2.282 | AM42: =($AK$42*5*1.064/Misc!$L$22)+0.02*2.8 -> 2.716
A43: 42 | B43: Max_WAKE_RX_A | C43: GELE | F43: 1 | G43: 2.5 | H43: =($G$43*5*0.9352/Misc!$L$12)-0.02*2.8 -> 2.282 | I43: =($G$43*5*1.064/Misc!$L$12)+0.02*2.8 -> 2.716 | J43: 2.5 | K43: =($J$43*5*0.9352/Misc!$L$13)-0.02*2.8 -> 2.282 | L43: =($J$43*5*1.064/Misc!$L$13)+0.02*2.8 -> 2.716 | M43: 2.5 | N43: =($M$43*5*0.9352/Misc!$L$14)-0.02*2.8 -> 2.282 | O43: =($M$43*5*1.064/Misc!$L$14)+0.02*2.8 -> 2.716 | P43: 2.5 | Q43: =($P$43*5*0.9352/Misc!$L$15)-0.02*2.8 -> 2.282 | R43: =($P$43*5*1.064/Misc!$L$15)+0.02*2.8 -> 2.716 | S43: 2.5 | T43: =($S$43*5*0.9352/Misc!$L$16)-0.02*2.8 -> 2.282 | U43: =($S$43*5*1.064/Misc!$L$16)+0.02*2.8 -> 2.716 | V43: 2.5 | W43: =($V$43*5*0.9352/Misc!$L$17)-0.02*2.8 -> 2.282 | X43: =($V$43*5*1.064/Misc!$L$17)+0.02*2.8 -> 2.716 | Y43: 2.5 | Z43: =($Y$43*5*0.9352/Misc!$L$18)-0.02*2.8 -> 2.282 | AA43: =($Y$43*5*1.064/Misc!$L$18)+0.02*2.8 -> 2.716 | AB43: 2.5 | AC43: =($AB$43*5*0.9352/Misc!$L$19)-0.02*2.8 -> 2.282 | AD43: =($AB$43*5*1.064/Misc!$L$19)+0.02*2.8 -> 2.716 | AE43: 2.5 | AF43: =($AE$43*5*0.9352/Misc!$L$20)-0.02*2.8 -> 2.282 | AG43: =($AE$43*5*1.064/Misc!$L$20)+0.02*2.8 -> 2.716 | AH43: 2.5 | AI43: =($AH$43*5*0.9352/Misc!$L$21)-0.02*2.8 -> 2.282 | AJ43: =($AH$43*5*1.064/Misc!$L$21)+0.02*2.8 -> 2.716 | AK43: 2.5 | AL43: =($AK$43*5*0.9352/Misc!$L$22)-0.02*2.8 -> 2.282 | AM43: =($AK$43*5*1.064/Misc!$L$22)+0.02*2.8 -> 2.716
A44: 43 | B44: TIMESTAMP_WAKE_RX_A | F44: 0
A45: 44 | B45: Min_REGEN_SW_A | C45: GELE | F45: 1 | G45: 2.5 | H45: =($G$45*5*0.93058/Misc!$L$12)-0.02*3.4 -> 2.25845 | I45: =($G$45*5*1.072/Misc!$L$12)+0.02*3.4 -> 2.748 | J45: 2.5 | K45: =($J$45*5*0.93058/Misc!$L$13)-0.02*3.4 -> 2.25845 | L45: =($J$45*5*1.072/Misc!$L$13)+0.02*3.4 -> 2.748 | M45: 2.5 | N45: =($M$45*5*0.93058/Misc!$L$14)-0.02*3.4 -> 2.25845 | O45: =($M$45*5*1.072/Misc!$L$14)+0.02*3.4 -> 2.748 | P45: 2.5 | Q45: =($P$45*5*0.93058/Misc!$L$15)-0.02*3.4 -> 2.25845 | R45: =($P$45*5*1.072/Misc!$L$15)+0.02*3.4 -> 2.748 | S45: 2.5 | T45: =($S$45*5*0.93058/Misc!$L$16)-0.02*3.4 -> 2.25845 | U45: =($S$45*5*1.072/Misc!$L$16)+0.02*3.4 -> 2.748 | V45: 2.5 | W45: =($V$45*5*0.93058/Misc!$L$17)-0.02*3.4 -> 2.25845 | X45: =($V$45*5*1.072/Misc!$L$17)+0.02*3.4 -> 2.748 | Y45: 2.5 | Z45: =($Y$45*5*0.93058/Misc!$L$18)-0.02*3.4 -> 2.25845 | AA45: =($Y$45*5*1.072/Misc!$L$18)+0.02*3.4 -> 2.748 | AB45: 2.5 | AC45: =($AB$45*5*0.93058/Misc!$L$19)-0.02*3.4 -> 2.25845 | AD45: =($AB$45*5*1.072/Misc!$L$19)+0.02*3.4 -> 2.748 | AE45: 2.5 | AF45: =($AE$45*5*0.93058/Misc!$L$20)-0.02*3.4 -> 2.25845 | AG45: =($AE$45*5*1.072/Misc!$L$20)+0.02*3.4 -> 2.748 | AH45: 2.5 | AI45: =($AH$45*5*0.93058/Misc!$L$21)-0.02*3.4 -> 2.25845 | AJ45: =($AH$45*5*1.072/Misc!$L$21)+0.02*3.4 -> 2.748 | AK45: 2.5 | AL45: =($AK$45*5*0.93058/Misc!$L$22)-0.02*3.4 -> 2.25845 | AM45: =($AK$45*5*1.072/Misc!$L$22)+0.02*3.4 -> 2.748
A46: 45 | B46: Max_REGEN_SW_A | C46: GELE | F46: 1 | G46: 2.5 | H46: =($G$46*5*0.93058/Misc!$L$12)-0.02*3.4 -> 2.25845 | I46: =($G$46*5*1.072/Misc!$L$12)+0.02*3.4 -> 2.748 | J46: 2.5 | K46: =($J$46*5*0.93058/Misc!$L$13)-0.02*3.4 -> 2.25845 | L46: =($J$46*5*1.072/Misc!$L$13)+0.02*3.4 -> 2.748 | M46: 2.5 | N46: =($M$46*5*0.93058/Misc!$L$14)-0.02*3.4 -> 2.25845 | O46: =($M$46*5*1.072/Misc!$L$14)+0.02*3.4 -> 2.748 | P46: 2.5 | Q46: =($P$46*5*0.93058/Misc!$L$15)-0.02*3.4 -> 2.25845 | R46: =($P$46*5*1.072/Misc!$L$15)+0.02*3.4 -> 2.748 | S46: 2.5 | T46: =($S$46*5*0.93058/Misc!$L$16)-0.02*3.4 -> 2.25845 | U46: =($S$46*5*1.072/Misc!$L$16)+0.02*3.4 -> 2.748 | V46: 2.5 | W46: =($V$46*5*0.93058/Misc!$L$17)-0.02*3.4 -> 2.25845 | X46: =($V$46*5*1.072/Misc!$L$17)+0.02*3.4 -> 2.748 | Y46: 2.5 | Z46: =($Y$46*5*0.93058/Misc!$L$18)-0.02*3.4 -> 2.25845 | AA46: =($Y$46*5*1.072/Misc!$L$18)+0.02*3.4 -> 2.748 | AB46: 2.5 | AC46: =($AB$46*5*0.93058/Misc!$L$19)-0.02*3.4 -> 2.25845 | AD46: =($AB$46*5*1.072/Misc!$L$19)+0.02*3.4 -> 2.748 | AE46: 2.5 | AF46: =($AE$46*5*0.93058/Misc!$L$20)-0.02*3.4 -> 2.25845 | AG46: =($AE$46*5*1.072/Misc!$L$20)+0.02*3.4 -> 2.748 | AH46: 2.5 | AI46: =($AH$46*5*0.93058/Misc!$L$21)-0.02*3.4 -> 2.25845 | AJ46: =($AH$46*5*1.072/Misc!$L$21)+0.02*3.4 -> 2.748 | AK46: 2.5 | AL46: =($AK$46*5*0.93058/Misc!$L$22)-0.02*3.4 -> 2.25845 | AM46: =($AK$46*5*1.072/Misc!$L$22)+0.02*3.4 -> 2.748
A47: 46 | B47: TIMESTAMP_REGEN_SW_A | F47: 0
A48: 47 | B48: Min_REVERSE_SW_A | C48: GELE | F48: 1 | G48: 2.5 | H48: =($G$48*5*0.93058/Misc!$L$12)-0.02*3.4 -> 2.25845 | I48: =($G$48*5*1.072/Misc!$L$12)+0.02*3.4 -> 2.748 | J48: 2.5 | K48: =($J$48*5*0.93058/Misc!$L$13)-0.02*3.4 -> 2.25845 | L48: =($J$48*5*1.072/Misc!$L$13)+0.02*3.4 -> 2.748 | M48: 2.5 | N48: =($M$48*5*0.93058/Misc!$L$14)-0.02*3.4 -> 2.25845 | O48: =($M$48*5*1.072/Misc!$L$14)+0.02*3.4 -> 2.748 | P48: 2.5 | Q48: =($P$48*5*0.93058/Misc!$L$15)-0.02*3.4 -> 2.25845 | R48: =($P$48*5*1.072/Misc!$L$15)+0.02*3.4 -> 2.748 | S48: 2.5 | T48: =($S$48*5*0.93058/Misc!$L$16)-0.02*3.4 -> 2.25845 | U48: =($S$48*5*1.072/Misc!$L$16)+0.02*3.4 -> 2.748 | V48: 2.5 | W48: =($V$48*5*0.93058/Misc!$L$17)-0.02*3.4 -> 2.25845 | X48: =($V$48*5*1.072/Misc!$L$17)+0.02*3.4 -> 2.748 | Y48: 2.5 | Z48: =($Y$48*5*0.93058/Misc!$L$18)-0.02*3.4 -> 2.25845 | AA48: =($Y$48*5*1.072/Misc!$L$18)+0.02*3.4 -> 2.748 | AB48: 2.5 | AC48: =($AB$48*5*0.93058/Misc!$L$19)-0.02*3.4 -> 2.25845 | AD48: =($AB$48*5*1.072/Misc!$L$19)+0.02*3.4 -> 2.748 | AE48: 2.5 | AF48: =($AE$48*5*0.93058/Misc!$L$20)-0.02*3.4 -> 2.25845 | AG48: =($AE$48*5*1.072/Misc!$L$20)+0.02*3.4 -> 2.748 | AH48: 2.5 | AI48: =($AH$48*5*0.93058/Misc!$L$21)-0.02*3.4 -> 2.25845 | AJ48: =($AH$48*5*1.072/Misc!$L$21)+0.02*3.4 -> 2.748 | AK48: 2.5 | AL48: =($AK$48*5*0.93058/Misc!$L$22)-0.02*3.4 -> 2.25845 | AM48: =($AK$48*5*1.072/Misc!$L$22)+0.02*3.4 -> 2.748
A49: 48 | B49: Max_REVERSE_SW_A | C49: GELE | F49: 1 | G49: 2.5 | H49: =($G$49*5*0.93058/Misc!$L$12)-0.02*3.4 -> 2.25845 | I49: =($G$49*5*1.072/Misc!$L$12)+0.02*3.4 -> 2.748 | J49: 2.5 | K49: =($J$49*5*0.93058/Misc!$L$13)-0.02*3.4 -> 2.25845 | L49: =($J$49*5*1.072/Misc!$L$13)+0.02*3.4 -> 2.748 | M49: 2.5 | N49: =($M$49*5*0.93058/Misc!$L$14)-0.02*3.4 -> 2.25845 | O49: =($M$49*5*1.072/Misc!$L$14)+0.02*3.4 -> 2.748 | P49: 2.5 | Q49: =($P$49*5*0.93058/Misc!$L$15)-0.02*3.4 -> 2.25845 | R49: =($P$49*5*1.072/Misc!$L$15)+0.02*3.4 -> 2.748 | S49: 2.5 | T49: =($S$49*5*0.93058/Misc!$L$16)-0.02*3.4 -> 2.25845 | U49: =($S$49*5*1.072/Misc!$L$16)+0.02*3.4 -> 2.748 | V49: 2.5 | W49: =($V$49*5*0.93058/Misc!$L$17)-0.02*3.4 -> 2.25845 | X49: =($V$49*5*1.072/Misc!$L$17)+0.02*3.4 -> 2.748 | Y49: 2.5 | Z49: =($Y$49*5*0.93058/Misc!$L$18)-0.02*3.4 -> 2.25845 | AA49: =($Y$49*5*1.072/Misc!$L$18)+0.02*3.4 -> 2.748 | AB49: 2.5 | AC49: =($AB$49*5*0.93058/Misc!$L$19)-0.02*3.4 -> 2.25845 | AD49: =($AB$49*5*1.072/Misc!$L$19)+0.02*3.4 -> 2.748 | AE49: 2.5 | AF49: =($AE$49*5*0.93058/Misc!$L$20)-0.02*3.4 -> 2.25845 | AG49: =($AE$49*5*1.072/Misc!$L$20)+0.02*3.4 -> 2.748 | AH49: 2.5 | AI49: =($AH$49*5*0.93058/Misc!$L$21)-0.02*3.4 -> 2.25845 | AJ49: =($AH$49*5*1.072/Misc!$L$21)+0.02*3.4 -> 2.748 | AK49: 2.5 | AL49: =($AK$49*5*0.93058/Misc!$L$22)-0.02*3.4 -> 2.25845 | AM49: =($AK$49*5*1.072/Misc!$L$22)+0.02*3.4 -> 2.748
A50: 49 | B50: TIMESTAMP_REVERSE_SW_A | F50: 0
A51: 50 | B51: Min_CRUISE_A | C51: GELE | F51: 1 | G51: 2.5 | H51: =($G$51*5*0.9352/Misc!$L$12)-0.02*2.8 -> 2.282 | I51: =($G$51*5*1.064/Misc!$L$12)+0.02*2.8 -> 2.716 | J51: 2.5 | K51: =($J$51*5*0.9352/Misc!$L$13)-0.02*2.8 -> 2.282 | L51: =($J$51*5*1.064/Misc!$L$13)+0.02*2.8 -> 2.716 | M51: 2.5 | N51: =($M$51*5*0.9352/Misc!$L$14)-0.02*2.8 -> 2.282 | O51: =($M$51*5*1.064/Misc!$L$14)+0.02*2.8 -> 2.716 | P51: 2.5 | Q51: =($P$51*5*0.9352/Misc!$L$15)-0.02*2.8 -> 2.282 | R51: =($P$51*5*1.064/Misc!$L$15)+0.02*2.8 -> 2.716 | S51: 2.5 | T51: =($S$51*5*0.9352/Misc!$L$16)-0.02*2.8 -> 2.282 | U51: =($S$51*5*1.064/Misc!$L$16)+0.02*2.8 -> 2.716 | V51: 2.5 | W51: =($V$51*5*0.9352/Misc!$L$17)-0.02*2.8 -> 2.282 | X51: =($V$51*5*1.064/Misc!$L$17)+0.02*2.8 -> 2.716 | Y51: 2.5 | Z51: =($Y$51*5*0.9352/Misc!$L$18)-0.02*2.8 -> 2.282 | AA51: =($Y$51*5*1.064/Misc!$L$18)+0.02*2.8 -> 2.716 | AB51: 2.5 | AC51: =($AB$51*5*0.9352/Misc!$L$19)-0.02*2.8 -> 2.282 | AD51: =($AB$51*5*1.064/Misc!$L$19)+0.02*2.8 -> 2.716 | AE51: 2.5 | AF51: =($AE$51*5*0.9352/Misc!$L$20)-0.02*2.8 -> 2.282 | AG51: =($AE$51*5*1.064/Misc!$L$20)+0.02*2.8 -> 2.716 | AH51: 2.5 | AI51: =($AH$51*5*0.9352/Misc!$L$21)-0.02*2.8 -> 2.282 | AJ51: =($AH$51*5*1.064/Misc!$L$21)+0.02*2.8 -> 2.716 | AK51: 2.5 | AL51: =($AK$51*5*0.9352/Misc!$L$22)-0.02*2.8 -> 2.282 | AM51: =($AK$51*5*1.064/Misc!$L$22)+0.02*2.8 -> 2.716
A52: 51 | B52: Max_CRUISE_A | C52: GELE | F52: 1 | G52: 2.5 | H52: =($G$52*5*0.9352/Misc!$L$12)-0.02*2.8 -> 2.282 | I52: =($G$52*5*1.064/Misc!$L$12)+0.02*2.8 -> 2.716 | J52: 2.5 | K52: =($J$52*5*0.9352/Misc!$L$13)-0.02*2.8 -> 2.282 | L52: =($J$52*5*1.064/Misc!$L$13)+0.02*2.8 -> 2.716 | M52: 2.5 | N52: =($M$52*5*0.9352/Misc!$L$14)-0.02*2.8 -> 2.282 | O52: =($M$52*5*1.064/Misc!$L$14)+0.02*2.8 -> 2.716 | P52: 2.5 | Q52: =($P$52*5*0.9352/Misc!$L$15)-0.02*2.8 -> 2.282 | R52: =($P$52*5*1.064/Misc!$L$15)+0.02*2.8 -> 2.716 | S52: 2.5 | T52: =($S$52*5*0.9352/Misc!$L$16)-0.02*2.8 -> 2.282 | U52: =($S$52*5*1.064/Misc!$L$16)+0.02*2.8 -> 2.716 | V52: 2.5 | W52: =($V$52*5*0.9352/Misc!$L$17)-0.02*2.8 -> 2.282 | X52: =($V$52*5*1.064/Misc!$L$17)+0.02*2.8 -> 2.716 | Y52: 2.5 | Z52: =($Y$52*5*0.9352/Misc!$L$18)-0.02*2.8 -> 2.282 | AA52: =($Y$52*5*1.064/Misc!$L$18)+0.02*2.8 -> 2.716 | AB52: 2.5 | AC52: =($AB$52*5*0.9352/Misc!$L$19)-0.02*2.8 -> 2.282 | AD52: =($AB$52*5*1.064/Misc!$L$19)+0.02*2.8 -> 2.716 | AE52: 2.5 | AF52: =($AE$52*5*0.9352/Misc!$L$20)-0.02*2.8 -> 2.282 | AG52: =($AE$52*5*1.064/Misc!$L$20)+0.02*2.8 -> 2.716 | AH52: 2.5 | AI52: =($AH$52*5*0.9352/Misc!$L$21)-0.02*2.8 -> 2.282 | AJ52: =($AH$52*5*1.064/Misc!$L$21)+0.02*2.8 -> 2.716 | AK52: 2.5 | AL52: =($AK$52*5*0.9352/Misc!$L$22)-0.02*2.8 -> 2.282 | AM52: =($AK$52*5*1.064/Misc!$L$22)+0.02*2.8 -> 2.716
A53: 52 | B53: TIMESTAMP_CRUISE_A | F53: 0
A54: 53 | B54: Min_COS/HALL1_A | C54: GELE | F54: 1 | G54: 2.5 | H54: =($G$54*5/Misc!$L$12)-0.1 -> 2.4 | I54: =($G$54*5/Misc!$L$12)+0.1 -> 2.6 | J54: 2.5 | K54: =($J$54*5/Misc!$L$13)-0.1 -> 2.4 | L54: =($J$54*5/Misc!$L$13)+0.1 -> 2.6 | M54: 2.5 | N54: =($M$54*5/Misc!$L$14)-0.1 -> 2.4 | O54: =($M$54*5/Misc!$L$14)+0.1 -> 2.6 | P54: 2.5 | Q54: =($P$54*5/Misc!$L$15)-0.1 -> 2.4 | R54: =($P$54*5/Misc!$L$15)+0.1 -> 2.6 | S54: 2.5 | T54: =($S$54*5/Misc!$L$16)-0.1 -> 2.4 | U54: =($S$54*5/Misc!$L$16)+0.1 -> 2.6 | V54: 2.5 | W54: =($V$54*5/Misc!$L$17)-0.1 -> 2.4 | X54: =($V$54*5/Misc!$L$17)+0.1 -> 2.6 | Y54: 2.5 | Z54: =($Y$54*5/Misc!$L$18)-0.1 -> 2.4 | AA54: =($Y$54*5/Misc!$L$18)+0.1 -> 2.6 | AB54: 2.48 | AC54: =($AB$54*5/Misc!$L$19)-0.1 -> 2.38 | AD54: =($AB$54*5/Misc!$L$19)+0.1 -> 2.58 | AE54: 2.5 | AF54: =($AE$54*5/Misc!$L$20)-0.1 -> 2.4 | AG54: =($AE$54*5/Misc!$L$20)+0.1 -> 2.6 | AH54: 2.5 | AI54: =($AH$54*5/Misc!$L$21)-0.1 -> 2.4 | AJ54: =($AH$54*5/Misc!$L$21)+0.1 -> 2.6 | AK54: 2.5 | AL54: =($AK$54*5/Misc!$L$22)-0.1 -> 2.4 | AM54: =($AK$54*5/Misc!$L$22)+0.1 -> 2.6
A55: 54 | B55: Max_COS/HALL1_A | C55: GELE | F55: 1 | G55: 2.5 | H55: =($G$55*5/Misc!$L$12)-0.1 -> 2.4 | I55: =($G$55*5/Misc!$L$12)+0.1 -> 2.6 | J55: 2.5 | K55: =($J$55*5/Misc!$L$13)-0.1 -> 2.4 | L55: =($J$55*5/Misc!$L$13)+0.1 -> 2.6 | M55: 2.5 | N55: =($M$55*5/Misc!$L$14)-0.1 -> 2.4 | O55: =($M$55*5/Misc!$L$14)+0.1 -> 2.6 | P55: 2.5 | Q55: =($P$55*5/Misc!$L$15)-0.1 -> 2.4 | R55: =($P$55*5/Misc!$L$15)+0.1 -> 2.6 | S55: 2.5 | T55: =($S$55*5/Misc!$L$16)-0.1 -> 2.4 | U55: =($S$55*5/Misc!$L$16)+0.1 -> 2.6 | V55: 2.5 | W55: =($V$55*5/Misc!$L$17)-0.1 -> 2.4 | X55: =($V$55*5/Misc!$L$17)+0.1 -> 2.6 | Y55: 2.5 | Z55: =($Y$55*5/Misc!$L$18)-0.1 -> 2.4 | AA55: =($Y$55*5/Misc!$L$18)+0.1 -> 2.6 | AB55: 2.65 | AC55: =($AB$55*5/Misc!$L$19)-0.1 -> 2.55 | AD55: =($AB$55*5/Misc!$L$19)+0.1 -> 2.75 | AE55: 2.67 | AF55: =($AE$55*5/Misc!$L$20)-0.1 -> 2.57 | AG55: =($AE$55*5/Misc!$L$20)+0.1 -> 2.77 | AH55: 2.5 | AI55: =($AH$55*5/Misc!$L$21)-0.1 -> 2.4 | AJ55: =($AH$55*5/Misc!$L$21)+0.1 -> 2.6 | AK55: 2.5 | AL55: =($AK$55*5/Misc!$L$22)-0.1 -> 2.4 | AM55: =($AK$55*5/Misc!$L$22)+0.1 -> 2.6
A56: 55 | B56: TIMESTAMP_COS/HALL1_A | F56: 0
A57: 56 | B57: Min_SINNEG/HALL0_FI_A/IN | C57: GELE | F57: 1 | G57: 2.5 | H57: =($G$57*5*0.93058/Misc!$L$12)-0.015*3.4 -> 2.27545 | I57: =($G$57*5*1.072/Misc!$L$12)+0.015*3.4 -> 2.731 | J57: 2.5 | K57: =($J$57*5*0.93058/Misc!$L$13)-0.015*3.4 -> 2.27545 | L57: =($J$57*5*1.072/Misc!$L$13)+0.015*3.4 -> 2.731 | M57: 2.5 | N57: =($M$57*5*0.93058/Misc!$L$14)-0.015*3.4 -> 2.27545 | O57: =($M$57*5*1.072/Misc!$L$14)+0.015*3.4 -> 2.731 | P57: 2.5 | Q57: =($P$57*5*0.93058/Misc!$L$15)-0.015*3.4 -> 2.27545 | R57: =($P$57*5*1.072/Misc!$L$15)+0.015*3.4 -> 2.731 | S57: 2.5 | T57: =($S$57*5*0.93058/Misc!$L$16)-0.015*3.4 -> 2.27545 | U57: =($S$57*5*1.072/Misc!$L$16)+0.015*3.4 -> 2.731 | V57: 2.5 | W57: =($V$57*5*0.93058/Misc!$L$17)-0.015*3.4 -> 2.27545 | X57: =($V$57*5*1.072/Misc!$L$17)+0.015*3.4 -> 2.731 | Y57: 2.5 | Z57: =($Y$57*5*0.93058/Misc!$L$18)-0.015*3.4 -> 2.27545 | AA57: =($Y$57*5*1.072/Misc!$L$18)+0.015*3.4 -> 2.731 | AB57: 2.5 | AC57: =($AB$57*5*0.93058/Misc!$L$19)-0.015*3.4 -> 2.27545 | AD57: =($AB$57*5*1.072/Misc!$L$19)+0.015*3.4 -> 2.731 | AE57: 2.5 | AF57: =($AE$57*5*0.93058/Misc!$L$20)-0.015*3.4 -> 2.27545 | AG57: =($AE$57*5*1.072/Misc!$L$20)+0.015*3.4 -> 2.731 | AH57: 2.5 | AI57: =($AH$57*5*0.93058/Misc!$L$21)-0.015*3.4 -> 2.27545 | AJ57: =($AH$57*5*1.072/Misc!$L$21)+0.015*3.4 -> 2.731 | AK57: 2.5 | AL57: =($AK$57*5*0.93058/Misc!$L$22)-0.015*3.4 -> 2.27545 | AM57: =($AK$57*5*1.072/Misc!$L$22)+0.015*3.4 -> 2.731
A58: 57 | B58: Max_SINNEG/HALL0_FI_A/IN | C58: GELE | F58: 1 | G58: 2.5 | H58: =($G$58*5*0.93058/Misc!$L$12)-0.015*3.4 -> 2.27545 | I58: =($G$58*5*1.072/Misc!$L$12)+0.015*3.4 -> 2.731 | J58: 2.5 | K58: =($J$58*5*0.93058/Misc!$L$13)-0.015*3.4 -> 2.27545 | L58: =($J$58*5*1.072/Misc!$L$13)+0.015*3.4 -> 2.731 | M58: 2.5 | N58: =($M$58*5*0.93058/Misc!$L$14)-0.015*3.4 -> 2.27545 | O58: =($M$58*5*1.072/Misc!$L$14)+0.015*3.4 -> 2.731 | P58: 2.5 | Q58: =($P$58*5*0.93058/Misc!$L$15)-0.015*3.4 -> 2.27545 | R58: =($P$58*5*1.072/Misc!$L$15)+0.015*3.4 -> 2.731 | S58: 2.5 | T58: =($S$58*5*0.93058/Misc!$L$16)-0.015*3.4 -> 2.27545 | U58: =($S$58*5*1.072/Misc!$L$16)+0.015*3.4 -> 2.731 | V58: 2.5 | W58: =($V$58*5*0.93058/Misc!$L$17)-0.015*3.4 -> 2.27545 | X58: =($V$58*5*1.072/Misc!$L$17)+0.015*3.4 -> 2.731 | Y58: 2.5 | Z58: =($Y$58*5*0.93058/Misc!$L$18)-0.015*3.4 -> 2.27545 | AA58: =($Y$58*5*1.072/Misc!$L$18)+0.015*3.4 -> 2.731 | AB58: 2.5 | AC58: =($AB$58*5*0.93058/Misc!$L$19)-0.015*3.4 -> 2.27545 | AD58: =($AB$58*5*1.072/Misc!$L$19)+0.015*3.4 -> 2.731 | AE58: 2.5 | AF58: =($AE$58*5*0.93058/Misc!$L$20)-0.015*3.4 -> 2.27545 | AG58: =($AE$58*5*1.072/Misc!$L$20)+0.015*3.4 -> 2.731 | AH58: 2.5 | AI58: =($AH$58*5*0.93058/Misc!$L$21)-0.015*3.4 -> 2.27545 | AJ58: =($AH$58*5*1.072/Misc!$L$21)+0.015*3.4 -> 2.731 | AK58: 2.5 | AL58: =($AK$58*5*0.93058/Misc!$L$22)-0.015*3.4 -> 2.27545 | AM58: =($AK$58*5*1.072/Misc!$L$22)+0.015*3.4 -> 2.731
A59: 58 | B59: TIMESTAMP_SINNEG/HALL0_FI_A/IN | F59: 0
A60: 59 | B60: Min_TEMP_MOTOR_P_A | C60: GELE | F60: 1 | G60: 4 | H60: =((Misc!$J$28*(219453*Misc!$I$6/(219453+Misc!$I$6)+14250)/((219453*Misc!$I$6/(219453+Misc!$I$6)+14250)+20140))*(5/Misc!$L$12))-0.02 -> 3.9308479 | I60: =((Misc!$J$28*(222547*Misc!$J$6/(222547+Misc!$J$6)+15750)/((222547*Misc!$J$6/(222547+Misc!$J$6)+15750)+19860))*(5/Misc!$L$12))+0.02 -> 4.0863154 | J60: 4 | K60: =((Misc!$J$28*(219453*Misc!$I$6/(219453+Misc!$I$6)+14250)/((219453*Misc!$I$6/(219453+Misc!$I$6)+14250)+20140))*(5/Misc!$L$13))-0.02 -> 3.9308479 | L60: =((Misc!$J$28*(222547*Misc!$J$6/(222547+Misc!$J$6)+15750)/((222547*Misc!$J$6/(222547+Misc!$J$6)+15750)+19860))*(5/Misc!$L$13))+0.02 -> 4.0863154 | M60: 4 | N60: =((Misc!$J$28*(219453*Misc!$I$6/(219453+Misc!$I$6)+14250)/((219453*Misc!$I$6/(219453+Misc!$I$6)+14250)+20140))*(5/Misc!$L$14))-0.02 -> 3.9308479 | O60: =((Misc!$J$28*(222547*Misc!$J$6/(222547+Misc!$J$6)+15750)/((222547*Misc!$J$6/(222547+Misc!$J$6)+15750)+19860))*(5/Misc!$L$14))+0.02 -> 4.0863154 | P60: 4 | Q60: =((Misc!$J$28*(219453*Misc!$I$6/(219453+Misc!$I$6)+14250)/((219453*Misc!$I$6/(219453+Misc!$I$6)+14250)+20140))*(5/Misc!$L$15))-0.02 -> 3.9308479 | R60: =((Misc!$J$28*(222547*Misc!$J$6/(222547+Misc!$J$6)+15750)/((222547*Misc!$J$6/(222547+Misc!$J$6)+15750)+19860))*(5/Misc!$L$15))+0.02 -> 4.0863154 | S60: 4 | T60: =((Misc!$J$28*(219453*Misc!$I$6/(219453+Misc!$I$6)+14250)/((219453*Misc!$I$6/(219453+Misc!$I$6)+14250)+20140))*(5/Misc!$L$16))-0.02 -> 3.9308479 | U60: =((Misc!$J$28*(222547*Misc!$J$6/(222547+Misc!$J$6)+15750)/((222547*Misc!$J$6/(222547+Misc!$J$6)+15750)+19860))*(5/Misc!$L$16))+0.02 -> 4.0863154 | V60: 4 | W60: =((Misc!$J$28*(219453*Misc!$I$6/(219453+Misc!$I$6)+14250)/((219453*Misc!$I$6/(219453+Misc!$I$6)+14250)+20140))*(5/Misc!$L$17))-0.02 -> 3.9308479 | X60: =((Misc!$J$28*(222547*Misc!$J$6/(222547+Misc!$J$6)+15750)/((222547*Misc!$J$6/(222547+Misc!$J$6)+15750)+19860))*(5/Misc!$L$17))+0.02 -> 4.0863154 | Y60: 4 | Z60: =((Misc!$J$28*(219453*Misc!$I$6/(219453+Misc!$I$6)+14250)/((219453*Misc!$I$6/(219453+Misc!$I$6)+14250)+20140))*(5/Misc!$L$18))-0.02 -> 3.9308479 | AA60: =((Misc!$J$28*(222547*Misc!$J$6/(222547+Misc!$J$6)+15750)/((222547*Misc!$J$6/(222547+Misc!$J$6)+15750)+19860))*(5/Misc!$L$18))+0.02 -> 4.0863154 | AB60: 4 | AC60: =((Misc!$J$28*(219453*Misc!$I$6/(219453+Misc!$I$6)+14250)/((219453*Misc!$I$6/(219453+Misc!$I$6)+14250)+20140))*(5/Misc!$L$19))-0.02 -> 3.9308479 | AD60: =((Misc!$J$28*(222547*Misc!$J$6/(222547+Misc!$J$6)+15750)/((222547*Misc!$J$6/(222547+Misc!$J$6)+15750)+19860))*(5/Misc!$L$19))+0.02 -> 4.0863154 | AE60: 4 | AF60: =((Misc!$J$28*(219453*Misc!$I$6/(219453+Misc!$I$6)+14250)/((219453*Misc!$I$6/(219453+Misc!$I$6)+14250)+20140))*(5/Misc!$L$20))-0.02 -> 3.9308479 | AG60: =((Misc!$J$28*(222547*Misc!$J$6/(222547+Misc!$J$6)+15750)/((222547*Misc!$J$6/(222547+Misc!$J$6)+15750)+19860))*(5/Misc!$L$20))+0.02 -> 4.0863154 | AH60: 4 | AI60: =((Misc!$J$28*(219453*Misc!$I$6/(219453+Misc!$I$6)+14250)/((219453*Misc!$I$6/(219453+Misc!$I$6)+14250)+20140))*(5/Misc!$L$21))-0.02 -> 3.9308479 | AJ60: =((Misc!$J$28*(222547*Misc!$J$6/(222547+Misc!$J$6)+15750)/((222547*Misc!$J$6/(222547+Misc!$J$6)+15750)+19860))*(5/Misc!$L$21))+0.02 -> 4.0863154 | AK60: 4 | AL60: =((Misc!$J$28*(219453*Misc!$I$6/(219453+Misc!$I$6)+14250)/((219453*Misc!$I$6/(219453+Misc!$I$6)+14250)+20140))*(5/Misc!$L$22))-0.02 -> 3.9308479 | AM60: =((Misc!$J$28*(222547*Misc!$J$6/(222547+Misc!$J$6)+15750)/((222547*Misc!$J$6/(222547+Misc!$J$6)+15750)+19860))*(5/Misc!$L$22))+0.02 -> 4.0863154
A61: 60 | B61: Max_TEMP_MOTOR_P_A | C61: GELE | F61: 1 | G61: 4 | H61: =((Misc!$K$28*(219453*Misc!$I$6/(219453+Misc!$I$6)+14250)/((219453*Misc!$I$6/(219453+Misc!$I$6)+14250)+20140))*(5/Misc!$L$12))-0.02 -> 3.9705949 | I61: =((Misc!$K$28*(222547*Misc!$J$6/(222547+Misc!$J$6)+15750)/((222547*Misc!$J$6/(222547+Misc!$J$6)+15750)+19860))*(5/Misc!$L$12))+0.02 -> 4.127224 | J61: 4 | K61: =((Misc!$K$28*(219453*Misc!$I$6/(219453+Misc!$I$6)+14250)/((219453*Misc!$I$6/(219453+Misc!$I$6)+14250)+20140))*(5/Misc!$L$13))-0.02 -> 3.9705949 | L61: =((Misc!$K$28*(222547*Misc!$J$6/(222547+Misc!$J$6)+15750)/((222547*Misc!$J$6/(222547+Misc!$J$6)+15750)+19860))*(5/Misc!$L$13))+0.02 -> 4.127224 | M61: 4 | N61: =((Misc!$K$28*(219453*Misc!$I$6/(219453+Misc!$I$6)+14250)/((219453*Misc!$I$6/(219453+Misc!$I$6)+14250)+20140))*(5/Misc!$L$14))-0.02 -> 3.9705949 | O61: =((Misc!$K$28*(222547*Misc!$J$6/(222547+Misc!$J$6)+15750)/((222547*Misc!$J$6/(222547+Misc!$J$6)+15750)+19860))*(5/Misc!$L$14))+0.02 -> 4.127224 | P61: 4 | Q61: =((Misc!$K$28*(219453*Misc!$I$6/(219453+Misc!$I$6)+14250)/((219453*Misc!$I$6/(219453+Misc!$I$6)+14250)+20140))*(5/Misc!$L$15))-0.02 -> 3.9705949 | R61: =((Misc!$K$28*(222547*Misc!$J$6/(222547+Misc!$J$6)+15750)/((222547*Misc!$J$6/(222547+Misc!$J$6)+15750)+19860))*(5/Misc!$L$15))+0.02 -> 4.127224 | S61: 4 | T61: =((Misc!$K$28*(219453*Misc!$I$6/(219453+Misc!$I$6)+14250)/((219453*Misc!$I$6/(219453+Misc!$I$6)+14250)+20140))*(5/Misc!$L$16))-0.02 -> 3.9705949 | U61: =((Misc!$K$28*(222547*Misc!$J$6/(222547+Misc!$J$6)+15750)/((222547*Misc!$J$6/(222547+Misc!$J$6)+15750)+19860))*(5/Misc!$L$16))+0.02 -> 4.127224 | V61: 4 | W61: =((Misc!$K$28*(219453*Misc!$I$6/(219453+Misc!$I$6)+14250)/((219453*Misc!$I$6/(219453+Misc!$I$6)+14250)+20140))*(5/Misc!$L$17))-0.02 -> 3.9705949 | X61: =((Misc!$K$28*(222547*Misc!$J$6/(222547+Misc!$J$6)+15750)/((222547*Misc!$J$6/(222547+Misc!$J$6)+15750)+19860))*(5/Misc!$L$17))+0.02 -> 4.127224 | Y61: 4 | Z61: =((Misc!$K$28*(219453*Misc!$I$6/(219453+Misc!$I$6)+14250)/((219453*Misc!$I$6/(219453+Misc!$I$6)+14250)+20140))*(5/Misc!$L$18))-0.02 -> 3.9705949 | AA61: =((Misc!$K$28*(222547*Misc!$J$6/(222547+Misc!$J$6)+15750)/((222547*Misc!$J$6/(222547+Misc!$J$6)+15750)+19860))*(5/Misc!$L$18))+0.02 -> 4.127224 | AB61: 4 | AC61: =((Misc!$K$28*(219453*Misc!$I$6/(219453+Misc!$I$6)+14250)/((219453*Misc!$I$6/(219453+Misc!$I$6)+14250)+20140))*(5/Misc!$L$19))-0.02 -> 3.9705949 | AD61: =((Misc!$K$28*(222547*Misc!$J$6/(222547+Misc!$J$6)+15750)/((222547*Misc!$J$6/(222547+Misc!$J$6)+15750)+19860))*(5/Misc!$L$19))+0.02 -> 4.127224 | AE61: 4 | AF61: =((Misc!$K$28*(219453*Misc!$I$6/(219453+Misc!$I$6)+14250)/((219453*Misc!$I$6/(219453+Misc!$I$6)+14250)+20140))*(5/Misc!$L$20))-0.02 -> 3.9705949 | AG61: =((Misc!$K$28*(222547*Misc!$J$6/(222547+Misc!$J$6)+15750)/((222547*Misc!$J$6/(222547+Misc!$J$6)+15750)+19860))*(5/Misc!$L$20))+0.02 -> 4.127224 | AH61: 4 | AI61: =((Misc!$K$28*(219453*Misc!$I$6/(219453+Misc!$I$6)+14250)/((219453*Misc!$I$6/(219453+Misc!$I$6)+14250)+20140))*(5/Misc!$L$21))-0.02 -> 3.9705949 | AJ61: =((Misc!$K$28*(222547*Misc!$J$6/(222547+Misc!$J$6)+15750)/((222547*Misc!$J$6/(222547+Misc!$J$6)+15750)+19860))*(5/Misc!$L$21))+0.02 -> 4.127224 | AK61: 4 | AL61: =((Misc!$K$28*(219453*Misc!$I$6/(219453+Misc!$I$6)+14250)/((219453*Misc!$I$6/(219453+Misc!$I$6)+14250)+20140))*(5/Misc!$L$22))-0.02 -> 3.9705949 | AM61: =((Misc!$K$28*(222547*Misc!$J$6/(222547+Misc!$J$6)+15750)/((222547*Misc!$J$6/(222547+Misc!$J$6)+15750)+19860))*(5/Misc!$L$22))+0.02 -> 4.127224
A62: 61 | B62: TIMESTAMP_TEMP_MOTOR_P_A | F62: 0
A63: 62 | B63: Min_TGS2_A | C63: GELE | F63: 1 | G63: 2.49 | H63: =($G$63*5/Misc!$L$12)-0.015 -> 2.475 | I63: =($G$63*5/Misc!$L$12)+0.015 -> 2.505 | J63: 2.49 | K63: =($J$63*5/Misc!$L$13)-0.015 -> 2.475 | L63: =($J$63*5/Misc!$L$13)+0.015 -> 2.505 | M63: 2.49 | N63: =($M$63*5/Misc!$L$14)-0.015 -> 2.475 | O63: =($M$63*5/Misc!$L$14)+0.015 -> 2.505 | P63: 2.49 | Q63: =($P$63*5/Misc!$L$15)-0.015 -> 2.475 | R63: =($P$63*5/Misc!$L$15)+0.015 -> 2.505 | S63: 2.49 | T63: =($S$63*5/Misc!$L$16)-0.015 -> 2.475 | U63: =($S$63*5/Misc!$L$16)+0.015 -> 2.505 | V63: 2.49 | W63: =($V$63*5/Misc!$L$17)-0.015 -> 2.475 | X63: =($V$63*5/Misc!$L$17)+0.015 -> 2.505 | Y63: 2.49 | Z63: =($Y$63*5/Misc!$L$18)-0.015 -> 2.475 | AA63: =($Y$63*5/Misc!$L$18)+0.015 -> 2.505 | AB63: 2.49 | AC63: =($AB$63*5/Misc!$L$19)-0.015 -> 2.475 | AD63: =($AB$63*5/Misc!$L$19)+0.015 -> 2.505 | AE63: 2.474 | AF63: =($AE$63*5/Misc!$L$20)-0.015 -> 2.459 | AG63: =($AE$63*5/Misc!$L$20)+0.015 -> 2.489 | AH63: 2.5 | AI63: =($AH$63*5/Misc!$L$21)-0.015 -> 2.485 | AJ63: =($AH$63*5/Misc!$L$21)+0.015 -> 2.515 | AK63: 2.5 | AL63: =($AK$63*5/Misc!$L$22)-0.015 -> 2.485 | AM63: =($AK$63*5/Misc!$L$22)+0.015 -> 2.515
A64: 63 | B64: Max_TGS2_A | C64: GELE | F64: 1 | G64: 2.495 | H64: =($G$64*5/Misc!$L$12)-0.015 -> 2.48 | I64: =($G$64*5/Misc!$L$12)+0.015 -> 2.51 | J64: 2.495 | K64: =($J$64*5/Misc!$L$13)-0.015 -> 2.48 | L64: =($J$64*5/Misc!$L$13)+0.015 -> 2.51 | M64: 2.495 | N64: =($M$64*5/Misc!$L$14)-0.015 -> 2.48 | O64: =($M$64*5/Misc!$L$14)+0.015 -> 2.51 | P64: 2.495 | Q64: =($P$64*5/Misc!$L$15)-0.015 -> 2.48 | R64: =($P$64*5/Misc!$L$15)+0.015 -> 2.51 | S64: 2.495 | T64: =($S$64*5/Misc!$L$16)-0.015 -> 2.48 | U64: =($S$64*5/Misc!$L$16)+0.015 -> 2.51 | V64: 2.495 | W64: =($V$64*5/Misc!$L$17)-0.015 -> 2.48 | X64: =($V$64*5/Misc!$L$17)+0.015 -> 2.51 | Y64: 2.495 | Z64: =($Y$64*5/Misc!$L$18)-0.015 -> 2.48 | AA64: =($Y$64*5/Misc!$L$18)+0.015 -> 2.51 | AB64: 2.495 | AC64: =($AB$64*5/Misc!$L$19)-0.015 -> 2.48 | AD64: =($AB$64*5/Misc!$L$19)+0.015 -> 2.51 | AE64: 2.477 | AF64: =($AE$64*5/Misc!$L$20)-0.015 -> 2.462 | AG64: =($AE$64*5/Misc!$L$20)+0.015 -> 2.492 | AH64: 2.5 | AI64: =($AH$64*5/Misc!$L$21)-0.015 -> 2.485 | AJ64: =($AH$64*5/Misc!$L$21)+0.015 -> 2.515 | AK64: 2.5 | AL64: =($AK$64*5/Misc!$L$22)-0.015 -> 2.485 | AM64: =($AK$64*5/Misc!$L$22)+0.015 -> 2.515
A65: 64 | B65: TIMESTAMP_TGS2_A | F65: 0
A66: 65 | B66: Min_V_GDU_A | C66: GELE | F66: 1 | G66: 11.98 | H66: =($G$66)*(5*0.9258/Misc!$L$12)-0.02*4.13 -> 11.008484 | I66: =($G$66)*(5*1.074/Misc!$L$12)+0.02*4.13 -> 12.94912 | J66: 11.98 | K66: =($J$66)*(5*0.9258/Misc!$L$13)-0.02*4.13 -> 11.008484 | L66: =($J$66)*(5*1.074/Misc!$L$13)+0.02*4.13 -> 12.94912 | M66: 11.98 | N66: =($M$66)*(5*0.9258/Misc!$L$14)-0.02*4.13 -> 11.008484 | O66: =($M$66)*(5*1.074/Misc!$L$14)+0.02*4.13 -> 12.94912 | P66: 11.98 | Q66: =($P$66)*(5*0.9258/Misc!$L$15)-0.02*4.13 -> 11.008484 | R66: =($P$66)*(5*1.074/Misc!$L$15)+0.02*4.13 -> 12.94912 | S66: 11.98 | T66: =($S$66)*(5*0.9258/Misc!$L$16)-0.02*4.13 -> 11.008484 | U66: =($S$66)*(5*1.074/Misc!$L$16)+0.02*4.13 -> 12.94912 | V66: 11.98 | W66: =($V$66)*(5*0.9258/Misc!$L$17)-0.02*4.13 -> 11.008484 | X66: =($V$66)*(5*1.074/Misc!$L$17)+0.02*4.13 -> 12.94912 | Y66: 11.98 | Z66: =($Y$66)*(5*0.9258/Misc!$L$18)-0.02*4.13 -> 11.008484 | AA66: =($Y$66)*(5*1.074/Misc!$L$18)+0.02*4.13 -> 12.94912 | AB66: 12 | AC66: =($AB$66)*(5*0.9258/Misc!$L$19)-0.02*4.13 -> 11.027 | AD66: =($AB$66)*(5*1.074/Misc!$L$19)+0.02*4.13 -> 12.9706 | AE66: 11.98 | AF66: =($AE$66)*(5*0.9258/Misc!$L$20)-0.02*4.13 -> 11.008484 | AG66: =($AE$66)*(5*1.074/Misc!$L$20)+0.02*4.13 -> 12.94912 | AH66: 2.9170333 | AI66: =($AH$66)*(5*0.9258/Misc!$L$21)-0.02*4.13 -> 2.6179895 | AJ66: =($AH$66)*(5*1.074/Misc!$L$21)+0.02*4.13 -> 3.2154938 | AK66: 2.9170333 | AL66: =($AK$66)*(5*0.9258/Misc!$L$22)-0.02*4.13 -> 2.6179895 | AM66: =($AK$66)*(5*1.074/Misc!$L$22)+0.02*4.13 -> 3.2154938
A67: 66 | B67: Max_V_GDU_A | C67: GELE | F67: 1 | G67: 12 | H67: =($G$67)*(5*0.9258/Misc!$L$12)-0.02*4.13 -> 11.027 | I67: =($G$67)*(5*1.074/Misc!$L$12)+0.02*4.13 -> 12.9706 | J67: 12 | K67: =($J$67)*(5*0.9258/Misc!$L$13)-0.02*4.13 -> 11.027 | L67: =($J$67)*(5*1.074/Misc!$L$13)+0.02*4.13 -> 12.9706 | M67: 12 | N67: =($M$67)*(5*0.9258/Misc!$L$14)-0.02*4.13 -> 11.027 | O67: =($M$67)*(5*1.074/Misc!$L$14)+0.02*4.13 -> 12.9706 | P67: 12 | Q67: =($P$67)*(5*0.9258/Misc!$L$15)-0.02*4.13 -> 11.027 | R67: =($P$67)*(5*1.074/Misc!$L$15)+0.02*4.13 -> 12.9706 | S67: 12 | T67: =($S$67)*(5*0.9258/Misc!$L$16)-0.02*4.13 -> 11.027 | U67: =($S$67)*(5*1.074/Misc!$L$16)+0.02*4.13 -> 12.9706 | V67: 12 | W67: =($V$67)*(5*0.9258/Misc!$L$17)-0.02*4.13 -> 11.027 | X67: =($V$67)*(5*1.074/Misc!$L$17)+0.02*4.13 -> 12.9706 | Y67: 12 | Z67: =($Y$67)*(5*0.9258/Misc!$L$18)-0.02*4.13 -> 11.027 | AA67: =($Y$67)*(5*1.074/Misc!$L$18)+0.02*4.13 -> 12.9706 | AB67: 12 | AC67: =($AB$67)*(5*0.9258/Misc!$L$19)-0.02*4.13 -> 11.027 | AD67: =($AB$67)*(5*1.074/Misc!$L$19)+0.02*4.13 -> 12.9706 | AE67: 12 | AF67: =($AE$67)*(5*0.9258/Misc!$L$20)-0.02*4.13 -> 11.027 | AG67: =($AE$67)*(5*1.074/Misc!$L$20)+0.02*4.13 -> 12.9706 | AH67: 2.9209667 | AI67: =($AH$67)*(5*0.9258/Misc!$L$21)-0.02*4.13 -> 2.6216309 | AJ67: =($AH$67)*(5*1.074/Misc!$L$21)+0.02*4.13 -> 3.2197182 | AK67: 2.9214667 | AL67: =($AK$67)*(5*0.9258/Misc!$L$22)-0.02*4.13 -> 2.6220938 | AM67: =($AK$67)*(5*1.074/Misc!$L$22)+0.02*4.13 -> 3.2202552
A68: 67 | B68: TIMESTAMP_V_GDU_A | F68: 0
A69: 68 | B69: Min_START_SW_A | C69: GELE | F69: 1 | G69: 2.5 | H69: =($G$69*5*0.93058/Misc!$L$12)-0.015*3.4 -> 2.27545 | I69: =($G$69*5*1.072/Misc!$L$12)+0.015*3.4 -> 2.731 | J69: 2.5 | K69: =($J$69*5*0.93058/Misc!$L$13)-0.015*3.4 -> 2.27545 | L69: =($J$69*5*1.072/Misc!$L$13)+0.015*3.4 -> 2.731 | M69: 2.5 | N69: =($M$69*5*0.93058/Misc!$L$14)-0.015*3.4 -> 2.27545 | O69: =($M$69*5*1.072/Misc!$L$14)+0.015*3.4 -> 2.731 | P69: 2.5 | Q69: =($P$69*5*0.93058/Misc!$L$15)-0.015*3.4 -> 2.27545 | R69: =($P$69*5*1.072/Misc!$L$15)+0.015*3.4 -> 2.731 | S69: 2.5 | T69: =($S$69*5*0.93058/Misc!$L$16)-0.015*3.4 -> 2.27545 | U69: =($S$69*5*1.072/Misc!$L$16)+0.015*3.4 -> 2.731 | V69: 2.5 | W69: =($V$69*5*0.93058/Misc!$L$17)-0.015*3.4 -> 2.27545 | X69: =($V$69*5*1.072/Misc!$L$17)+0.015*3.4 -> 2.731 | Y69: 2.5 | Z69: =($Y$69*5*0.93058/Misc!$L$18)-0.015*3.4 -> 2.27545 | AA69: =($Y$69*5*1.072/Misc!$L$18)+0.015*3.4 -> 2.731 | AB69: 2.5 | AC69: =($AB$69*5*0.93058/Misc!$L$19)-0.015*3.4 -> 2.27545 | AD69: =($AB$69*5*1.072/Misc!$L$19)+0.015*3.4 -> 2.731 | AE69: 2.5 | AF69: =($AE$69*5*0.93058/Misc!$L$20)-0.015*3.4 -> 2.27545 | AG69: =($AE$69*5*1.072/Misc!$L$20)+0.015*3.4 -> 2.731 | AH69: 2.5 | AI69: =($AH$69*5*0.93058/Misc!$L$21)-0.015*3.4 -> 2.27545 | AJ69: =($AH$69*5*1.072/Misc!$L$21)+0.015*3.4 -> 2.731 | AK69: 2.5 | AL69: =($AK$69*5*0.93058/Misc!$L$22)-0.015*3.4 -> 2.27545 | AM69: =($AK$69*5*1.072/Misc!$L$22)+0.015*3.4 -> 2.731
A70: 69 | B70: Max_START_SW_A | C70: GELE | F70: 1 | G70: 2.5 | H70: =($G$70*5*0.93058/Misc!$L$12)-0.015*3.4 -> 2.27545 | I70: =($G$70*5*1.072/Misc!$L$12)+0.015*3.4 -> 2.731 | J70: 2.5 | K70: =($J$70*5*0.93058/Misc!$L$13)-0.015*3.4 -> 2.27545 | L70: =($J$70*5*1.072/Misc!$L$13)+0.015*3.4 -> 2.731 | M70: 2.5 | N70: =($M$70*5*0.93058/Misc!$L$14)-0.015*3.4 -> 2.27545 | O70: =($M$70*5*1.072/Misc!$L$14)+0.015*3.4 -> 2.731 | P70: 2.5 | Q70: =($P$70*5*0.93058/Misc!$L$15)-0.015*3.4 -> 2.27545 | R70: =($P$70*5*1.072/Misc!$L$15)+0.015*3.4 -> 2.731 | S70: 2.5 | T70: =($S$70*5*0.93058/Misc!$L$16)-0.015*3.4 -> 2.27545 | U70: =($S$70*5*1.072/Misc!$L$16)+0.015*3.4 -> 2.731 | V70: 2.5 | W70: =($V$70*5*0.93058/Misc!$L$17)-0.015*3.4 -> 2.27545 | X70: =($V$70*5*1.072/Misc!$L$17)+0.015*3.4 -> 2.731 | Y70: 2.5 | Z70: =($Y$70*5*0.93058/Misc!$L$18)-0.015*3.4 -> 2.27545 | AA70: =($Y$70*5*1.072/Misc!$L$18)+0.015*3.4 -> 2.731 | AB70: 2.5 | AC70: =($AB$70*5*0.93058/Misc!$L$19)-0.015*3.4 -> 2.27545 | AD70: =($AB$70*5*1.072/Misc!$L$19)+0.015*3.4 -> 2.731 | AE70: 2.5 | AF70: =($AE$70*5*0.93058/Misc!$L$20)-0.015*3.4 -> 2.27545 | AG70: =($AE$70*5*1.072/Misc!$L$20)+0.015*3.4 -> 2.731 | AH70: 2.5 | AI70: =($AH$70*5*0.93058/Misc!$L$21)-0.015*3.4 -> 2.27545 | AJ70: =($AH$70*5*1.072/Misc!$L$21)+0.015*3.4 -> 2.731 | AK70: 2.5 | AL70: =($AK$70*5*0.93058/Misc!$L$22)-0.015*3.4 -> 2.27545 | AM70: =($AK$70*5*1.072/Misc!$L$22)+0.015*3.4 -> 2.731
A71: 70 | B71: TIMESTAMP_START_SW_A | F71: 0
A72: 71 | B72: Min_KEY_SW_A | C72: GELE | F72: 1 | G72: 2.5 | H72: =($G$72*5*0.93058/Misc!$L$12)-0.015*3.4 -> 2.27545 | I72: =($G$72*5*1.072/Misc!$L$12)+0.015*3.4 -> 2.731 | J72: 2.5 | K72: =($J$72*5*0.93058/Misc!$L$13)-0.015*3.4 -> 2.27545 | L72: =($J$72*5*1.072/Misc!$L$13)+0.015*3.4 -> 2.731 | M72: 2.5 | N72: =($M$72*5*0.93058/Misc!$L$14)-0.015*3.4 -> 2.27545 | O72: =($M$72*5*1.072/Misc!$L$14)+0.015*3.4 -> 2.731 | P72: 2.5 | Q72: =($P$72*5*0.93058/Misc!$L$15)-0.015*3.4 -> 2.27545 | R72: =($P$72*5*1.072/Misc!$L$15)+0.015*3.4 -> 2.731 | S72: 2.5 | T72: =($S$72*5*0.93058/Misc!$L$16)-0.015*3.4 -> 2.27545 | U72: =($S$72*5*1.072/Misc!$L$16)+0.015*3.4 -> 2.731 | V72: 2.5 | W72: =($V$72*5*0.93058/Misc!$L$17)-0.015*3.4 -> 2.27545 | X72: =($V$72*5*1.072/Misc!$L$17)+0.015*3.4 -> 2.731 | Y72: 2.5 | Z72: =($Y$72*5*0.93058/Misc!$L$18)-0.015*3.4 -> 2.27545 | AA72: =($Y$72*5*1.072/Misc!$L$18)+0.015*3.4 -> 2.731 | AB72: 2.5 | AC72: =($AB$72*5*0.93058/Misc!$L$19)-0.015*3.4 -> 2.27545 | AD72: =($AB$72*5*1.072/Misc!$L$19)+0.015*3.4 -> 2.731 | AE72: 2.5 | AF72: =($AE$72*5*0.93058/Misc!$L$20)-0.015*3.4 -> 2.27545 | AG72: =($AE$72*5*1.072/Misc!$L$20)+0.015*3.4 -> 2.731 | AH72: 2.5 | AI72: =($AH$72*5*0.93058/Misc!$L$21)-0.015*3.4 -> 2.27545 | AJ72: =($AH$72*5*1.072/Misc!$L$21)+0.015*3.4 -> 2.731 | AK72: 2.5 | AL72: =($AK$72*5*0.93058/Misc!$L$22)-0.015*3.4 -> 2.27545 | AM72: =($AK$72*5*1.072/Misc!$L$22)+0.015*3.4 -> 2.731
A73: 72 | B73: Max_KEY_SW_A | C73: GELE | F73: 1 | G73: 2.5 | H73: =($G$73*5*0.93058/Misc!$L$12)-0.015*3.4 -> 2.27545 | I73: =($G$73*5*1.072/Misc!$L$12)+0.015*3.4 -> 2.731 | J73: 2.5 | K73: =($J$73*5*0.93058/Misc!$L$13)-0.015*3.4 -> 2.27545 | L73: =($J$73*5*1.072/Misc!$L$13)+0.015*3.4 -> 2.731 | M73: 2.5 | N73: =($M$73*5*0.93058/Misc!$L$14)-0.015*3.4 -> 2.27545 | O73: =($M$73*5*1.072/Misc!$L$14)+0.015*3.4 -> 2.731 | P73: 2.5 | Q73: =($P$73*5*0.93058/Misc!$L$15)-0.015*3.4 -> 2.27545 | R73: =($P$73*5*1.072/Misc!$L$15)+0.015*3.4 -> 2.731 | S73: 2.5 | T73: =($S$73*5*0.93058/Misc!$L$16)-0.015*3.4 -> 2.27545 | U73: =($S$73*5*1.072/Misc!$L$16)+0.015*3.4 -> 2.731 | V73: 2.5 | W73: =($V$73*5*0.93058/Misc!$L$17)-0.015*3.4 -> 2.27545 | X73: =($V$73*5*1.072/Misc!$L$17)+0.015*3.4 -> 2.731 | Y73: 2.5 | Z73: =($Y$73*5*0.93058/Misc!$L$18)-0.015*3.4 -> 2.27545 | AA73: =($Y$73*5*1.072/Misc!$L$18)+0.015*3.4 -> 2.731 | AB73: 2.5 | AC73: =($AB$73*5*0.93058/Misc!$L$19)-0.015*3.4 -> 2.27545 | AD73: =($AB$73*5*1.072/Misc!$L$19)+0.015*3.4 -> 2.731 | AE73: 2.5 | AF73: =($AE$73*5*0.93058/Misc!$L$20)-0.015*3.4 -> 2.27545 | AG73: =($AE$73*5*1.072/Misc!$L$20)+0.015*3.4 -> 2.731 | AH73: 2.5 | AI73: =($AH$73*5*0.93058/Misc!$L$21)-0.015*3.4 -> 2.27545 | AJ73: =($AH$73*5*1.072/Misc!$L$21)+0.015*3.4 -> 2.731 | AK73: 2.5 | AL73: =($AK$73*5*0.93058/Misc!$L$22)-0.015*3.4 -> 2.27545 | AM73: =($AK$73*5*1.072/Misc!$L$22)+0.015*3.4 -> 2.731
A74: 73 | B74: TIMESTAMP_KEY_SW_A | F74: 0
A75: 74 | B75: Min_BRAKE_SW_A | C75: GELE | F75: 1 | G75: 2.5 | H75: =($G$75*5*0.93058/Misc!$L$12)-0.015*3.4 -> 2.27545 | I75: =($G$75*5*1.072/Misc!$L$12)+0.015*3.4 -> 2.731 | J75: 2.5 | K75: =($J$75*5*0.93058/Misc!$L$13)-0.015*3.4 -> 2.27545 | L75: =($J$75*5*1.072/Misc!$L$13)+0.015*3.4 -> 2.731 | M75: 2.5 | N75: =($M$75*5*0.93058/Misc!$L$14)-0.015*3.4 -> 2.27545 | O75: =($M$75*5*1.072/Misc!$L$14)+0.015*3.4 -> 2.731 | P75: 2.5 | Q75: =($P$75*5*0.93058/Misc!$L$15)-0.015*3.4 -> 2.27545 | R75: =($P$75*5*1.072/Misc!$L$15)+0.015*3.4 -> 2.731 | S75: 2.5 | T75: =($S$75*5*0.93058/Misc!$L$16)-0.015*3.4 -> 2.27545 | U75: =($S$75*5*1.072/Misc!$L$16)+0.015*3.4 -> 2.731 | V75: 2.5 | W75: =($V$75*5*0.93058/Misc!$L$17)-0.015*3.4 -> 2.27545 | X75: =($V$75*5*1.072/Misc!$L$17)+0.015*3.4 -> 2.731 | Y75: 2.5 | Z75: =($Y$75*5*0.93058/Misc!$L$18)-0.015*3.4 -> 2.27545 | AA75: =($Y$75*5*1.072/Misc!$L$18)+0.015*3.4 -> 2.731 | AB75: 2.5 | AC75: =($AB$75*5*0.93058/Misc!$L$19)-0.015*3.4 -> 2.27545 | AD75: =($AB$75*5*1.072/Misc!$L$19)+0.015*3.4 -> 2.731 | AE75: 2.5 | AF75: =($AE$75*5*0.93058/Misc!$L$20)-0.015*3.4 -> 2.27545 | AG75: =($AE$75*5*1.072/Misc!$L$20)+0.015*3.4 -> 2.731 | AH75: 2.4131333 | AI75: =($AH$75*5*0.93058/Misc!$L$21)-0.015*3.4 -> 2.1946136 | AJ75: =($AH$75*5*1.072/Misc!$L$21)+0.015*3.4 -> 2.6378789 | AK75: 2.5 | AL75: =($AK$75*5*0.93058/Misc!$L$22)-0.015*3.4 -> 2.27545 | AM75: =($AK$75*5*1.072/Misc!$L$22)+0.015*3.4 -> 2.731
A76: 75 | B76: Max_BRAKE_SW_A | C76: GELE | F76: 1 | G76: 2.5 | H76: =($G$76*5*0.93058/Misc!$L$12)-0.015*3.4 -> 2.27545 | I76: =($G$76*5*1.072/Misc!$L$12)+0.015*3.4 -> 2.731 | J76: 2.5 | K76: =($J$76*5*0.93058/Misc!$L$13)-0.015*3.4 -> 2.27545 | L76: =($J$76*5*1.072/Misc!$L$13)+0.015*3.4 -> 2.731 | M76: 2.5 | N76: =($M$76*5*0.93058/Misc!$L$14)-0.015*3.4 -> 2.27545 | O76: =($M$76*5*1.072/Misc!$L$14)+0.015*3.4 -> 2.731 | P76: 2.5 | Q76: =($P$76*5*0.93058/Misc!$L$15)-0.015*3.4 -> 2.27545 | R76: =($P$76*5*1.072/Misc!$L$15)+0.015*3.4 -> 2.731 | S76: 2.5 | T76: =($S$76*5*0.93058/Misc!$L$16)-0.015*3.4 -> 2.27545 | U76: =($S$76*5*1.072/Misc!$L$16)+0.015*3.4 -> 2.731 | V76: 2.5 | W76: =($V$76*5*0.93058/Misc!$L$17)-0.015*3.4 -> 2.27545 | X76: =($V$76*5*1.072/Misc!$L$17)+0.015*3.4 -> 2.731 | Y76: 2.5 | Z76: =($Y$76*5*0.93058/Misc!$L$18)-0.015*3.4 -> 2.27545 | AA76: =($Y$76*5*1.072/Misc!$L$18)+0.015*3.4 -> 2.731 | AB76: 2.5 | AC76: =($AB$76*5*0.93058/Misc!$L$19)-0.015*3.4 -> 2.27545 | AD76: =($AB$76*5*1.072/Misc!$L$19)+0.015*3.4 -> 2.731 | AE76: 2.5 | AF76: =($AE$76*5*0.93058/Misc!$L$20)-0.015*3.4 -> 2.27545 | AG76: =($AE$76*5*1.072/Misc!$L$20)+0.015*3.4 -> 2.731 | AH76: 2.4719167 | AI76: =($AH$76*5*0.93058/Misc!$L$21)-0.015*3.4 -> 2.2493162 | AJ76: =($AH$76*5*1.072/Misc!$L$21)+0.015*3.4 -> 2.7008947 | AK76: 2.5 | AL76: =($AK$76*5*0.93058/Misc!$L$22)-0.015*3.4 -> 2.27545 | AM76: =($AK$76*5*1.072/Misc!$L$22)+0.015*3.4 -> 2.731
A77: 76 | B77: TIMESTAMP_BRAKE_SW_A | F77: 0
A78: 77 | B78: Min_T30_A | C78: GELE | F78: 1 | G78: 10.8 | H78: =(($G$78)*(5*0.92/Misc!$L$12)-0.02*3.75)-0.65 -> 9.211 | I78: =(($G$78)*(5*1.08/Misc!$L$12)+0.02*3.75)-0.65 -> 11.089 | J78: 10.7 | K78: =(($J$78)*(5*0.92/Misc!$L$13)-0.02*3.75)-0.65 -> 9.119 | L78: =(($J$78)*(5*1.08/Misc!$L$13)+0.02*3.75)-0.65 -> 10.981 | M78: 10.7 | N78: =(($L$78)*(5*0.92/Misc!$L$14)-0.02*3.75)-0.65 -> 9.37752 | O78: =(($L$78)*(5*1.08/Misc!$L$14)+0.02*3.75)-0.65 -> 11.28448 | P78: 10.72 | Q78: =(($P$78)*(5*0.92/Misc!$L$15)-0.02*3.75)-0.65 -> 9.1374 | R78: =(($P$78)*(5*1.08/Misc!$L$15)+0.02*3.75)-0.65 -> 11.0026 | S78: 10.69 | T78: =(($S$78)*(5*0.92/Misc!$L$16)-0.02*3.75)-0.65 -> 9.1098 | U78: =(($S$78)*(5*1.08/Misc!$L$16)+0.02*3.75)-0.65 -> 10.9702 | V78: 10.72 | W78: =(($V$78)*(5*0.92/Misc!$L$17)-0.02*3.75)-0.65 -> 9.1374 | X78: =(($V$78)*(5*1.08/Misc!$L$17)+0.02*3.75)-0.65 -> 11.0026 | Y78: 10.69 | Z78: =(($Y$78)*(5*0.92/Misc!$L$18)-0.02*3.75)-0.65 -> 9.1098 | AA78: =(($Y$78)*(5*1.08/Misc!$L$18)+0.02*3.75)-0.65 -> 10.9702 | AB78: 10.66 | AC78: =(($AB$78)*(5*0.92/Misc!$L$19)-0.02*3.75)-0.65 -> 9.0822 | AD78: =(($AB$78)*(5*1.08/Misc!$L$19)+0.02*3.75)-0.65 -> 10.9378 | AE78: 10.37 | AF78: =(($AE$78)*(5*0.92/Misc!$L$20)-0.02*3.75)-0.65 -> 8.8154 | AG78: =(($AE$78)*(5*1.08/Misc!$L$20)+0.02*3.75)-0.65 -> 10.6246 | AH78: 10.959133 | AI78: =(($AH$78)*(5*0.92/Misc!$L$21)-0.02*3.75)-0.65 -> 9.3574027 | AJ78: =(($AH$78)*(5*1.08/Misc!$L$21)+0.02*3.75)-0.65 -> 11.260864 | AK78: 10.950317 | AL78: =(($AK$78)*(5*0.92/Misc!$L$22)-0.02*3.75)-0.65 -> 9.3492913 | AM78: =(($AK$78)*(5*1.08/Misc!$L$22)+0.02*3.75)-0.65 -> 11.251342
A79: 78 | B79: Max_T30_A | C79: GELE | F79: 1 | G79: 10.75 | H79: =(($G$79)*(5*0.92/Misc!$L$12)-0.02*3.75)-0.65 -> 9.165 | I79: =(($G$79)*(5*1.08/Misc!$L$12)+0.02*3.75)-0.65 -> 11.035 | J79: 11.1 | K79: =(($J$79)*(5*0.92/Misc!$L$13)-0.02*3.75)-0.65 -> 9.487 | L79: =(($J$79)*(5*1.08/Misc!$L$13)+0.02*3.75)-0.65 -> 11.413 | M79: 10.73 | N79: =(($L$79)*(5*0.92/Misc!$L$14)-0.02*3.75)-0.65 -> 9.77496 | O79: =(($L$79)*(5*1.08/Misc!$L$14)+0.02*3.75)-0.65 -> 11.75104 | P79: 10.75 | Q79: =(($P$79)*(5*0.92/Misc!$L$15)-0.02*3.75)-0.65 -> 9.165 | R79: =(($P$79)*(5*1.08/Misc!$L$15)+0.02*3.75)-0.65 -> 11.035 | S79: 10.74 | T79: =(($S$79)*(5*0.92/Misc!$L$16)-0.02*3.75)-0.65 -> 9.1558 | U79: =(($S$79)*(5*1.08/Misc!$L$16)+0.02*3.75)-0.65 -> 11.0242 | V79: 10.74 | W79: =(($V$79)*(5*0.92/Misc!$L$17)-0.02*3.75)-0.65 -> 9.1558 | X79: =(($V$79)*(5*1.08/Misc!$L$17)+0.02*3.75)-0.65 -> 11.0242 | Y79: 10.73 | Z79: =(($Y$79)*(5*0.92/Misc!$L$18)-0.02*3.75)-0.65 -> 9.1466 | AA79: =(($Y$79)*(5*1.08/Misc!$L$18)+0.02*3.75)-0.65 -> 11.0134 | AB79: 10.73 | AC79: =(($AB$79)*(5*0.92/Misc!$L$19)-0.02*3.75)-0.65 -> 9.1466 | AD79: =(($AB$79)*(5*1.08/Misc!$L$19)+0.02*3.75)-0.65 -> 11.0134 | AE79: 10.97 | AF79: =(($AE$79)*(5*0.92/Misc!$L$20)-0.02*3.75)-0.65 -> 9.3674 | AG79: =(($AE$79)*(5*1.08/Misc!$L$20)+0.02*3.75)-0.65 -> 11.2726 | AH79: 11.0244 | AI79: =(($AH$79)*(5*0.92/Misc!$L$21)-0.02*3.75)-0.65 -> 9.417448 | AJ79: =(($AH$79)*(5*1.08/Misc!$L$21)+0.02*3.75)-0.65 -> 11.331352 | AK79: 11.097467 | AL79: =(($AK$79)*(5*0.92/Misc!$L$22)-0.02*3.75)-0.65 -> 9.4846693 | AM79: =(($AK$79)*(5*1.08/Misc!$L$22)+0.02*3.75)-0.65 -> 11.410264
A80: 79 | B80: TIMESTAMP_T30_A | F80: 0
A81: 80 | B81: Min_DC_LINK_A | C81: GELE | F81: 1 | G81: 48 | H81: =(Misc!$H$12*5*0.987/Misc!$L$12)-0.02*13.41 -> 47.1078 | I81: =(Misc!$H$12*5*1.012/Misc!$L$12)+0.02*13.41 -> 48.8442 | J81: 48 | K81: =(Misc!$H$13*5*0.987/Misc!$L$13)-0.02*13.41 -> 47.1078 | L81: =(Misc!$H$13*5*1.012/Misc!$L$13)+0.02*13.41 -> 48.8442 | M81: 48 | N81: =(Misc!$H$14*5*0.987/Misc!$L$14)-0.02*13.41 -> 47.1078 | O81: =(Misc!$H$14*5*1.012/Misc!$L$14)+0.02*13.41 -> 48.8442 | P81: 48 | Q81: =(Misc!$H$15*5*0.987/Misc!$L$15)-0.02*13.41 -> 47.1078 | R81: =(Misc!$H$15*5*1.012/Misc!$L$15)+0.02*13.41 -> 48.8442 | S81: 48 | T81: =(Misc!$H$16*5*0.987/Misc!$L$16)-0.02*13.41 -> 47.1078 | U81: =(Misc!$H$16*5*1.012/Misc!$L$16)+0.02*13.41 -> 48.8442 | V81: 48 | W81: =(Misc!$H$17*5*0.987/Misc!$L$17)-0.02*13.41 -> 47.1078 | X81: =(Misc!$H$17*5*1.012/Misc!$L$17)+0.02*13.41 -> 48.8442 | Y81: 48 | Z81: =(Misc!$H$18*5*0.987/Misc!$L$18)-0.02*13.41 -> 47.1078 | AA81: =(Misc!$H$18*5*1.012/Misc!$L$18)+0.02*13.41 -> 48.8442 | AB81: 48 | AC81: =(Misc!$H$19*5*0.987/Misc!$L$19)-0.02*13.41 -> 47.1078 | AD81: =(Misc!$H$19*5*1.012/Misc!$L$19)+0.02*13.41 -> 48.8442 | AE81: 48 | AF81: =(Misc!$H$20*5*0.987/Misc!$L$20)-0.02*13.41 -> 47.1078 | AG81: =(Misc!$H$20*5*1.012/Misc!$L$20)+0.02*13.41 -> 48.8442 | AH81: 48 | AI81: =(Misc!$H$21*5*0.987/Misc!$L$21)-0.02*13.41 -> 47.1078 | AJ81: =(Misc!$H$21*5*1.012/Misc!$L$21)+0.02*13.41 -> 48.8442 | AK81: 48 | AL81: =(Misc!$H$22*5*0.987/Misc!$L$22)-0.02*13.41 -> 47.1078 | AM81: =(Misc!$H$22*5*1.012/Misc!$L$22)+0.02*13.41 -> 48.8442
A82: 81 | B82: Max_DC_LINK_A | C82: GELE | F82: 1 | G82: 48 | H82: =(Misc!$I$12*5*0.987/Misc!$L$12)-0.02*13.41 -> 47.1078 | I82: =(Misc!$I$12*5*1.012/Misc!$L$12)+0.02*13.41 -> 48.8442 | J82: 48 | K82: =(Misc!$I$13*5*0.987/Misc!$L$13)-0.02*13.41 -> 47.1078 | L82: =(Misc!$I$13*5*1.012/Misc!$L$13)+0.02*13.41 -> 48.8442 | M82: 48 | N82: =(Misc!$I$14*5*0.987/Misc!$L$14)-0.02*13.41 -> 47.1078 | O82: =(Misc!$I$14*5*1.012/Misc!$L$14)+0.02*13.41 -> 48.8442 | P82: 48 | Q82: =(Misc!$I$15*5*0.987/Misc!$L$15)-0.02*13.41 -> 47.1078 | R82: =(Misc!$I$15*5*1.012/Misc!$L$15)+0.02*13.41 -> 48.8442 | S82: 48 | T82: =(Misc!$I$16*5*0.987/Misc!$L$16)-0.02*13.41 -> 47.1078 | U82: =(Misc!$I$16*5*1.012/Misc!$L$16)+0.02*13.41 -> 48.8442 | V82: 48 | W82: =(Misc!$I$17*5*0.987/Misc!$L$17)-0.02*13.41 -> 47.1078 | X82: =(Misc!$I$17*5*1.012/Misc!$L$17)+0.02*13.41 -> 48.8442 | Y82: 48 | Z82: =(Misc!$I$18*5*0.987/Misc!$L$18)-0.02*13.41 -> 47.1078 | AA82: =(Misc!$I$18*5*1.012/Misc!$L$18)+0.02*13.41 -> 48.8442 | AB82: 48 | AC82: =(Misc!$I$19*5*0.987/Misc!$L$19)-0.02*13.41 -> 47.1078 | AD82: =(Misc!$I$19*5*1.012/Misc!$L$19)+0.02*13.41 -> 48.8442 | AE82: 48 | AF82: =(Misc!$I$20*5*0.987/Misc!$L$20)-0.02*13.41 -> 47.1078 | AG82: =(Misc!$I$20*5*1.012/Misc!$L$20)+0.02*13.41 -> 48.8442 | AH82: 48 | AI82: =(Misc!$I$21*5*0.987/Misc!$L$21)-0.02*13.41 -> 47.1078 | AJ82: =(Misc!$I$21*5*1.012/Misc!$L$21)+0.02*13.41 -> 48.8442 | AK82: 48 | AL82: =(Misc!$I$22*5*0.987/Misc!$L$22)-0.02*13.41 -> 47.1078 | AM82: =(Misc!$I$22*5*1.012/Misc!$L$22)+0.02*13.41 -> 48.8442
A83: 82 | B83: TIMESTAMP_DC_LINK_A | F83: 0
A84: 83 | B84: Min_V_5V_SENSOR2_A | C84: GELE | F84: 1 | G84: 4.996 | H84: =(Misc!$J$28)*(5*0.99/Misc!$L$12)-0.02*1.1 -> 4.8983 | I84: =(Misc!$J$28)*(5*1.008/Misc!$L$12)+0.02*1.1 -> 5.03176 | J84: 4.996 | K84: =(Misc!$J$28)*(5*0.99/Misc!$L$13)-0.02*1.1 -> 4.8983 | L84: =(Misc!$J$28)*(5*1.008/Misc!$L$13)+0.02*1.1 -> 5.03176 | M84: 4.996 | N84: =(Misc!$J$28)*(5*0.99/Misc!$L$14)-0.02*1.1 -> 4.8983 | O84: =(Misc!$J$28)*(5*1.008/Misc!$L$14)+0.02*1.1 -> 5.03176 | P84: 4.996 | Q84: =(Misc!$J$28)*(5*0.99/Misc!$L$15)-0.02*1.1 -> 4.8983 | R84: =(Misc!$J$28)*(5*1.008/Misc!$L$15)+0.02*1.1 -> 5.03176 | S84: 4.996 | T84: =(Misc!$J$28)*(5*0.99/Misc!$L$16)-0.02*1.1 -> 4.8983 | U84: =(Misc!$J$28)*(5*1.008/Misc!$L$16)+0.02*1.1 -> 5.03176 | V84: 4.996 | W84: =(Misc!$J$28)*(5*0.99/Misc!$L$17)-0.02*1.1 -> 4.8983 | X84: =(Misc!$J$28)*(5*1.008/Misc!$L$17)+0.02*1.1 -> 5.03176 | Y84: 4.996 | Z84: =(Misc!$J$28)*(5*0.99/Misc!$L$18)-0.02*1.1 -> 4.8983 | AA84: =(Misc!$J$28)*(5*1.008/Misc!$L$18)+0.02*1.1 -> 5.03176 | AB84: 4.996 | AC84: =(Misc!$J$28)*(5*0.99/Misc!$L$19)-0.02*1.1 -> 4.8983 | AD84: =(Misc!$J$28)*(5*1.008/Misc!$L$19)+0.02*1.1 -> 5.03176 | AE84: 4.996 | AF84: =(Misc!$J$28)*(5*0.99/Misc!$L$20)-0.02*1.1 -> 4.8983 | AG84: =(Misc!$J$28)*(5*1.008/Misc!$L$20)+0.02*1.1 -> 5.03176 | AH84: 4.5441833 | AI84: =(Misc!$J$28)*(5*0.99/Misc!$L$21)-0.02*1.1 -> 4.8983 | AJ84: =(Misc!$J$28)*(5*1.008/Misc!$L$21)+0.02*1.1 -> 5.03176 | AK84: 4.5443 | AL84: =(Misc!$J$28)*(5*0.99/Misc!$L$22)-0.02*1.1 -> 4.8983 | AM84: =(Misc!$J$28)*(5*1.008/Misc!$L$22)+0.02*1.1 -> 5.03176
A85: 84 | B85: Max_V_5V_SENSOR2_A | C85: GELE | F85: 1 | G85: 5 | H85: =(Misc!$K$28)*(5*0.99/Misc!$L$12)-0.02*1.1 -> 4.9478 | I85: =(Misc!$K$28)*(5*1.008/Misc!$L$12)+0.02*1.1 -> 5.08216 | J85: 5 | K85: =(Misc!$K$28)*(5*0.99/Misc!$L$13)-0.02*1.1 -> 4.9478 | L85: =(Misc!$K$28)*(5*1.008/Misc!$L$13)+0.02*1.1 -> 5.08216 | M85: 5 | N85: =(Misc!$K$28)*(5*0.99/Misc!$L$14)-0.02*1.1 -> 4.9478 | O85: =(Misc!$K$28)*(5*1.008/Misc!$L$14)+0.02*1.1 -> 5.08216 | P85: 5 | Q85: =(Misc!$K$28)*(5*0.99/Misc!$L$15)-0.02*1.1 -> 4.9478 | R85: =(Misc!$K$28)*(5*1.008/Misc!$L$15)+0.02*1.1 -> 5.08216 | S85: 5 | T85: =(Misc!$K$28)*(5*0.99/Misc!$L$16)-0.02*1.1 -> 4.9478 | U85: =(Misc!$K$28)*(5*1.008/Misc!$L$16)+0.02*1.1 -> 5.08216 | V85: 5 | W85: =(Misc!$K$28)*(5*0.99/Misc!$L$17)-0.02*1.1 -> 4.9478 | X85: =(Misc!$K$28)*(5*1.008/Misc!$L$17)+0.02*1.1 -> 5.08216 | Y85: 5 | Z85: =(Misc!$K$28)*(5*0.99/Misc!$L$18)-0.02*1.1 -> 4.9478 | AA85: =(Misc!$K$28)*(5*1.008/Misc!$L$18)+0.02*1.1 -> 5.08216 | AB85: 5 | AC85: =(Misc!$K$28)*(5*0.99/Misc!$L$19)-0.02*1.1 -> 4.9478 | AD85: =(Misc!$K$28)*(5*1.008/Misc!$L$19)+0.02*1.1 -> 5.08216 | AE85: 5 | AF85: =(Misc!$K$28)*(5*0.99/Misc!$L$20)-0.02*1.1 -> 4.9478 | AG85: =(Misc!$K$28)*(5*1.008/Misc!$L$20)+0.02*1.1 -> 5.08216 | AH85: 4.5482833 | AI85: =(Misc!$K$28)*(5*0.99/Misc!$L$21)-0.02*1.1 -> 4.9478 | AJ85: =(Misc!$K$28)*(5*1.008/Misc!$L$21)+0.02*1.1 -> 5.08216 | AK85: 4.54785 | AL85: =(Misc!$K$28)*(5*0.99/Misc!$L$22)-0.02*1.1 -> 4.9478 | AM85: =(Misc!$K$28)*(5*1.008/Misc!$L$22)+0.02*1.1 -> 5.08216
A86: 85 | B86: TIMESTAMP_V_5V_SENSOR2_A | F86: 0
A87: 86 | B87: Min_MODE-_A | C87: GELE | F87: 1 | G87: 2.5 | H87: =($G$87*5*0.93058/Misc!$L$12)-0.02*3.4 -> 2.25845 | I87: =($G$87*5*1.072/Misc!$L$12)+0.02*3.4 -> 2.748 | J87: 2.5 | K87: =($J$87*5*0.93058/Misc!$L$13)-0.02*3.4 -> 2.25845 | L87: =($J$87*5*1.072/Misc!$L$13)+0.02*3.4 -> 2.748 | M87: 2.5 | N87: =($M$87*5*0.93058/Misc!$L$14)-0.02*3.4 -> 2.25845 | O87: =($M$87*5*1.072/Misc!$L$14)+0.02*3.4 -> 2.748 | P87: 2.5 | Q87: =($P$87*5*0.93058/Misc!$L$15)-0.02*3.4 -> 2.25845 | R87: =($P$87*5*1.072/Misc!$L$15)+0.02*3.4 -> 2.748 | S87: 2.5 | T87: =($S$87*5*0.93058/Misc!$L$16)-0.02*3.4 -> 2.25845 | U87: =($S$87*5*1.072/Misc!$L$16)+0.02*3.4 -> 2.748 | V87: 2.5 | W87: =($V$87*5*0.93058/Misc!$L$17)-0.02*3.4 -> 2.25845 | X87: =($V$87*5*1.072/Misc!$L$17)+0.02*3.4 -> 2.748 | Y87: 2.5 | Z87: =($Y$87*5*0.93058/Misc!$L$18)-0.02*3.4 -> 2.25845 | AA87: =($Y$87*5*1.072/Misc!$L$18)+0.02*3.4 -> 2.748 | AB87: 2.5 | AC87: =($AB$87*5*0.93058/Misc!$L$19)-0.02*3.4 -> 2.25845 | AD87: =($AB$87*5*1.072/Misc!$L$19)+0.02*3.4 -> 2.748 | AE87: 2.5 | AF87: =($AE$87*5*0.93058/Misc!$L$20)-0.02*3.4 -> 2.25845 | AG87: =($AE$87*5*1.072/Misc!$L$20)+0.02*3.4 -> 2.748 | AH87: 2.5 | AI87: =($AH$87*5*0.93058/Misc!$L$21)-0.02*3.4 -> 2.25845 | AJ87: =($AH$87*5*1.072/Misc!$L$21)+0.02*3.4 -> 2.748 | AK87: 2.5 | AL87: =($AK$87*5*0.93058/Misc!$L$22)-0.02*3.4 -> 2.25845 | AM87: =($AK$87*5*1.072/Misc!$L$22)+0.02*3.4 -> 2.748
A88: 87 | B88: Max_MODE-_A | C88: GELE | F88: 1 | G88: 2.5 | H88: =($G$88*5*0.93058/Misc!$L$12)-0.02*3.4 -> 2.25845 | I88: =($G$88*5*1.072/Misc!$L$12)+0.02*3.4 -> 2.748 | J88: 2.5 | K88: =($J$88*5*0.93058/Misc!$L$13)-0.02*3.4 -> 2.25845 | L88: =($J$88*5*1.072/Misc!$L$13)+0.02*3.4 -> 2.748 | M88: 2.5 | N88: =($M$88*5*0.93058/Misc!$L$14)-0.02*3.4 -> 2.25845 | O88: =($M$88*5*1.072/Misc!$L$14)+0.02*3.4 -> 2.748 | P88: 2.5 | Q88: =($P$88*5*0.93058/Misc!$L$15)-0.02*3.4 -> 2.25845 | R88: =($P$88*5*1.072/Misc!$L$15)+0.02*3.4 -> 2.748 | S88: 2.5 | T88: =($S$88*5*0.93058/Misc!$L$16)-0.02*3.4 -> 2.25845 | U88: =($S$88*5*1.072/Misc!$L$16)+0.02*3.4 -> 2.748 | V88: 2.5 | W88: =($V$88*5*0.93058/Misc!$L$17)-0.02*3.4 -> 2.25845 | X88: =($V$88*5*1.072/Misc!$L$17)+0.02*3.4 -> 2.748 | Y88: 2.5 | Z88: =($Y$88*5*0.93058/Misc!$L$18)-0.02*3.4 -> 2.25845 | AA88: =($Y$88*5*1.072/Misc!$L$18)+0.02*3.4 -> 2.748 | AB88: 2.5 | AC88: =($AB$88*5*0.93058/Misc!$L$19)-0.02*3.4 -> 2.25845 | AD88: =($AB$88*5*1.072/Misc!$L$19)+0.02*3.4 -> 2.748 | AE88: 2.5 | AF88: =($AE$88*5*0.93058/Misc!$L$20)-0.02*3.4 -> 2.25845 | AG88: =($AE$88*5*1.072/Misc!$L$20)+0.02*3.4 -> 2.748 | AH88: 2.5 | AI88: =($AH$88*5*0.93058/Misc!$L$21)-0.02*3.4 -> 2.25845 | AJ88: =($AH$88*5*1.072/Misc!$L$21)+0.02*3.4 -> 2.748 | AK88: 2.5 | AL88: =($AK$88*5*0.93058/Misc!$L$22)-0.02*3.4 -> 2.25845 | AM88: =($AK$88*5*1.072/Misc!$L$22)+0.02*3.4 -> 2.748
A89: 88 | B89: TIMESTAMP_MODE-_A | F89: 0
A90: 89 | B90: Min_SPARE_INPUT_A | C90: GELE | F90: 1 | G90: 1.5 | H90: =($G$90*5*0.93058/Misc!$L$12)-0.02*3.4 -> 1.32787 | I90: =($G$90*5*1.072/Misc!$L$12)+0.02*3.4 -> 1.676 | J90: 2.5 | K90: =($J$90*5*0.93058/Misc!$L$13)-0.02*3.4 -> 2.25845 | L90: =($J$90*5*1.072/Misc!$L$13)+0.02*3.4 -> 2.748 | M90: 2.5 | N90: =($M$90*5*0.93058/Misc!$L$14)-0.02*3.4 -> 2.25845 | O90: =($M$90*5*1.072/Misc!$L$14)+0.02*3.4 -> 2.748 | P90: 2.5 | Q90: =($P$90*5*0.93058/Misc!$L$15)-0.02*3.4 -> 2.25845 | R90: =($P$90*5*1.072/Misc!$L$15)+0.02*3.4 -> 2.748 | S90: 2.5 | T90: =($S$90*5*0.93058/Misc!$L$16)-0.02*3.4 -> 2.25845 | U90: =($S$90*5*1.072/Misc!$L$16)+0.02*3.4 -> 2.748 | V90: 2.5 | W90: =($V$90*5*0.93058/Misc!$L$17)-0.02*3.4 -> 2.25845 | X90: =($V$90*5*1.072/Misc!$L$17)+0.02*3.4 -> 2.748 | Y90: 2.5 | Z90: =($Y$90*5*0.93058/Misc!$L$18)-0.02*3.4 -> 2.25845 | AA90: =($Y$90*5*1.072/Misc!$L$18)+0.02*3.4 -> 2.748 | AB90: 2.5 | AC90: =($AB$90*5*0.93058/Misc!$L$19)-0.02*3.4 -> 2.25845 | AD90: =($AB$90*5*1.072/Misc!$L$19)+0.02*3.4 -> 2.748 | AE90: 2.5 | AF90: =($AE$90*5*0.93058/Misc!$L$20)-0.02*3.4 -> 2.25845 | AG90: =($AE$90*5*1.072/Misc!$L$20)+0.02*3.4 -> 2.748 | AH90: 2.5 | AI90: =($AH$90*5*0.93058/Misc!$L$21)-0.02*3.4 -> 2.25845 | AJ90: =($AH$90*5*1.072/Misc!$L$21)+0.02*3.4 -> 2.748 | AK90: 2.5 | AL90: =($AK$90*5*0.93058/Misc!$L$22)-0.02*3.4 -> 2.25845 | AM90: =($AK$90*5*1.072/Misc!$L$22)+0.02*3.4 -> 2.748
A91: 90 | B91: Max_SPARE_INPUT_A | C91: GELE | F91: 1 | G91: 1.5 | H91: =($G$91*5*0.93058/Misc!$L$12)-0.02*3.4 -> 1.32787 | I91: =($G$91*5*1.072/Misc!$L$12)+0.02*3.4 -> 1.676 | J91: 2.5 | K91: =($J$91*5*0.93058/Misc!$L$13)-0.02*3.4 -> 2.25845 | L91: =($J$91*5*1.072/Misc!$L$13)+0.02*3.4 -> 2.748 | M91: 2.5 | N91: =($M$91*5*0.93058/Misc!$L$14)-0.02*3.4 -> 2.25845 | O91: =($M$91*5*1.072/Misc!$L$14)+0.02*3.4 -> 2.748 | P91: 2.5 | Q91: =($P$91*5*0.93058/Misc!$L$15)-0.02*3.4 -> 2.25845 | R91: =($P$91*5*1.072/Misc!$L$15)+0.02*3.4 -> 2.748 | S91: 2.5 | T91: =($S$91*5*0.93058/Misc!$L$16)-0.02*3.4 -> 2.25845 | U91: =($S$91*5*1.072/Misc!$L$16)+0.02*3.4 -> 2.748 | V91: 2.5 | W91: =($V$91*5*0.93058/Misc!$L$17)-0.02*3.4 -> 2.25845 | X91: =($V$91*5*1.072/Misc!$L$17)+0.02*3.4 -> 2.748 | Y91: 2.5 | Z91: =($Y$91*5*0.93058/Misc!$L$18)-0.02*3.4 -> 2.25845 | AA91: =($Y$91*5*1.072/Misc!$L$18)+0.02*3.4 -> 2.748 | AB91: 2.5 | AC91: =($AB$91*5*0.93058/Misc!$L$19)-0.02*3.4 -> 2.25845 | AD91: =($AB$91*5*1.072/Misc!$L$19)+0.02*3.4 -> 2.748 | AE91: 2.5 | AF91: =($AE$91*5*0.93058/Misc!$L$20)-0.02*3.4 -> 2.25845 | AG91: =($AE$91*5*1.072/Misc!$L$20)+0.02*3.4 -> 2.748 | AH91: 2.5 | AI91: =($AH$91*5*0.93058/Misc!$L$21)-0.02*3.4 -> 2.25845 | AJ91: =($AH$91*5*1.072/Misc!$L$21)+0.02*3.4 -> 2.748 | AK91: 2.5 | AL91: =($AK$91*5*0.93058/Misc!$L$22)-0.02*3.4 -> 2.25845 | AM91: =($AK$91*5*1.072/Misc!$L$22)+0.02*3.4 -> 2.748
A92: 91 | B92: TIMESTAMP_SPARE_INPUT_A | F92: 0
A93: 92 | B93: Min_PROXIMITY_PILOT_A | C93: GELE | F93: 1 | G93: 1.545 | H93: =($G$93*5/Misc!$L$13)-0.08 -> 1.465 | I93: =($G$93*5/Misc!$L$12)+0.08 -> 1.625 | J93: 1.545 | K93: =($J$93*5/Misc!$L$13)-0.08 -> 1.465 | L93: =($J$93*5/Misc!$L$13)+0.08 -> 1.625 | M93: 1.545 | N93: =($M$93*5/Misc!$L$14)-0.08 -> 1.465 | O93: =($M$93*5/Misc!$L$14)+0.08 -> 1.625 | P93: 1.545 | Q93: =($P$93*5/Misc!$L$15)-0.08 -> 1.465 | R93: =($P$93*5/Misc!$L$15)+0.08 -> 1.625 | S93: 1.545 | T93: =($S$93*5/Misc!$L$16)-0.08 -> 1.465 | U93: =($S$93*5/Misc!$L$16)+0.08 -> 1.625 | V93: 1.545 | W93: =($V$93*5/Misc!$L$17)-0.08 -> 1.465 | X93: =($V$93*5/Misc!$L$17)+0.08 -> 1.625 | Y93: 1.545 | Z93: =($Y$93*5/Misc!$L$18)-0.08 -> 1.465 | AA93: =($Y$93*5/Misc!$L$18)+0.08 -> 1.625 | AB93: 1.545 | AC93: =($AB$93*5/Misc!$L$19)-0.08 -> 1.465 | AD93: =($AB$93*5/Misc!$L$19)+0.08 -> 1.625 | AE93: 1.45 | AF93: =($AE$93*5/Misc!$L$20)-0.08 -> 1.37 | AG93: =($AE$93*5/Misc!$L$20)+0.08 -> 1.53 | AH93: 2.5 | AI93: =($AH$93*5/Misc!$L$21)-0.08 -> 2.42 | AJ93: =($AH$93*5/Misc!$L$21)+0.08 -> 2.58 | AK93: 2.5 | AL93: =($AK$93*5/Misc!$L$22)-0.08 -> 2.42 | AM93: =($AK$93*5/Misc!$L$22)+0.08 -> 2.58
A94: 93 | B94: Max_PROXIMITY_PILOT_A | C94: GELE | F94: 1 | G94: 1.563 | H94: =($G$94*5/Misc!$L$13)-0.08 -> 1.483 | I94: =($G$94*5/Misc!$L$12)+0.08 -> 1.643 | J94: 1.563 | K94: =($J$94*5/Misc!$L$13)-0.08 -> 1.483 | L94: =($J$94*5/Misc!$L$13)+0.08 -> 1.643 | M94: 1.563 | N94: =($M$94*5/Misc!$L$14)-0.08 -> 1.483 | O94: =($M$94*5/Misc!$L$14)+0.08 -> 1.643 | P94: 1.563 | Q94: =($P$94*5/Misc!$L$15)-0.08 -> 1.483 | R94: =($P$94*5/Misc!$L$15)+0.08 -> 1.643 | S94: 1.563 | T94: =($S$94*5/Misc!$L$16)-0.08 -> 1.483 | U94: =($S$94*5/Misc!$L$16)+0.08 -> 1.643 | V94: 1.563 | W94: =($V$94*5/Misc!$L$17)-0.08 -> 1.483 | X94: =($V$94*5/Misc!$L$17)+0.08 -> 1.643 | Y94: 1.563 | Z94: =($Y$94*5/Misc!$L$18)-0.08 -> 1.483 | AA94: =($Y$94*5/Misc!$L$18)+0.08 -> 1.643 | AB94: 1.563 | AC94: =($AB$94*5/Misc!$L$19)-0.08 -> 1.483 | AD94: =($AB$94*5/Misc!$L$19)+0.08 -> 1.643 | AE94: 1.53 | AF94: =($AE$94*5/Misc!$L$20)-0.08 -> 1.45 | AG94: =($AE$94*5/Misc!$L$20)+0.08 -> 1.61 | AH94: 2.5 | AI94: =($AH$94*5/Misc!$L$21)-0.08 -> 2.42 | AJ94: =($AH$94*5/Misc!$L$21)+0.08 -> 2.58 | AK94: 2.5 | AL94: =($AK$94*5/Misc!$L$22)-0.08 -> 2.42 | AM94: =($AK$94*5/Misc!$L$22)+0.08 -> 2.58
A95: 94 | B95: TIMESTAMP_PROXIMITY_PILOT_A | F95: 0
A96: 95 | B96: DIP_STATUS | C96: EQ | F96: 1 | G96: 160 | J96: 160 | M96: 160 | P96: 160 | S96: 160 | V96: 160 | Y96: 160 | AB96: 160 | AE96: 160 | AH96: 160 | AK96: 160
A97: 96 | B97: Level_N_FAULT1 | C97: EQ | F97: 1 | G97: 1 | J97: 1 | M97: 1 | P97: 1 | S97: 1 | V97: 1 | Y97: 1 | AB97: 1 | AE97: 1 | AH97: 1 | AK97: 1
A98: 97 | B98: Count_N_FAULT1 | C98: EQ | F98: 1 | G98: 0 | J98: 0 | M98: 0 | P98: 0 | S98: 0 | V98: 0 | Y98: 0 | AB98: 0 | AE98: 0 | AH98: 0 | AK98: 0
A99: 98 | B99: Level_N_CAN1_FAULT | C99: EQ | F99: 1 | G99: 1 | J99: 1 | M99: 1 | P99: 1 | S99: 1 | V99: 1 | Y99: 1 | AB99: 1 | AE99: 1 | AH99: 1 | AK99: 1
A100: 99 | B100: Count_N_CAN1_FAULT | C100: EQ | F100: 1 | G100: 0 | J100: 0 | M100: 0 | P100: 0 | S100: 0 | V100: 0 | Y100: 0 | AB100: 0 | AE100: 0 | AH100: 0 | AK100: 0
...

Sheet Misc
B4: Comparision Type | I4: tolerance | J4: tolerance
B5: EQ | C5: Equal to (==) | G5: CSA gain min | H5: CSA gain max | I5: Temp_motor min R | J5: Temp_motor max R
B6: NE | C6: Not equal to (!=) | E6: CSA gain | F6: 30 | G6: =IF(F6=10,9.7,0)+IF(F6=20,19.4,0)+IF(F6=30,29.1,0)+IF(F6=40,38.8,0) -> 29.1 | H6: =IF(F6=10,10.3,0)+IF(F6=20,20.6,0)+IF(F6=30,30.9,0)+IF(F6=40,41.2,0) -> 30.9 | I6: =L28*0.9 -> 90000 | J6: =L28*1.1 -> 110000
B7: GELE | C7: Greater than or equal to AND Less than or equal to (>= <=)
B8: EQT | C8: Equal to Threshold( == +/-), Percentage % of Nominal Value
E9: Variables (Dependent on Modes)
E10: Modes | F10: Min Current (A) | G10: Max current (A) | H10: Min DCLink voltage (V) | I10: Max DCLink voltage (V) | J10: Min PCB temperature (°C) | K10: Max PCB temperature (°C) | L10: V_5V_REF (mean) | M10: Min Micro temperature (°C) | N10: Max Micro temperature (°C)
E11: Mode 0 | F11: 0 | G11: 0 | H11: 48 | I11: 48 | J11: 0 | K11: 115 | L11: 5 | M11: 0 | N11: 110
E12: Mode1 | F12: 0 | G12: 0 | H12: 48 | I12: 48 | J12: 0 | K12: 115 | L12: 5 | M12: 0 | N12: 110
E13: Mode 2 | F13: 18 | G13: 45 | H13: 48 | I13: 48 | J13: 0 | K13: 115 | L13: 5 | M13: 0 | N13: 110
E14: Mode 3 | F14: 25 | G14: 65 | H14: 48 | I14: 48 | J14: 0 | K14: 115 | L14: 5 | M14: 0 | N14: 110
E15: Mode 4 | F15: 75 | G15: 95 | H15: 48 | I15: 48 | J15: 0 | K15: 115 | L15: 5 | M15: 0 | N15: 110
E16: Mode 5 | F16: 95 | G16: 115 | H16: 48 | I16: 48 | J16: 0 | K16: 115 | L16: 5 | M16: 0 | N16: 110
E17: Mode 6 | F17: 32.5 | G17: 65 | H17: 48 | I17: 48 | J17: 0 | K17: 115 | L17: 5 | M17: 0 | N17: 110
E18: Mode 7 | F18: 47.5 | G18: 95 | H18: 48 | I18: 48 | J18: 0 | K18: 115 | L18: 5 | M18: 0 | N18: 110
E19: Mode 8 | F19: 120 | G19: 133 | H19: 48 | I19: 48 | J19: -20 | K19: 115 | L19: 5 | M19: -20 | N19: 110
E20: Mode 9 | F20: 80 | G20: 80 | H20: 48 | I20: 48 | J20: -20 | K20: 115 | L20: 5 | M20: -20 | N20: 110
E21: Mode 10 | F21: 120 | G21: 120 | H21: 48 | I21: 48 | J21: 0 | K21: 115 | L21: 5 | M21: 0 | N21: 110
E22: Mode 11 | F22: 133 | G22: 133 | H22: 48 | I22: 48 | J22: 0 | K22: 115 | L22: 5 | M22: 0 | N22: 110
E23: Mode 12 | F23: 1 | G23: 1 | H23: 48 | I23: 48 | J23: 0 | K23: 115 | L23: 5 | M23: 0 | N23: 110
E26: Common for Modes (Mode 0 to Mode 12)
E27: Mode 0 to Mode 12 | G27: CSA Offset | H27: V_5V_Sensor1 min | I27: V_5V_Sensor1 max | J27: V_5V_Sensor2 min | K27: V_5V_Sensor2 max | L27: Temp_motor external resistor | M27: V_5V min | N27: V_5V max
G28: 2.5 | H28: 4.97 | I28: 5.02 | J28: 4.97 | K28: 5.02 | L28: 100000 | M28: 4.94 | N28: 5
